-- phpMyAdmin SQL Dump
-- version 5.2.1
-- https://www.phpmyadmin.net/
--
-- Host: fdb1034.awardspace.net
-- Generation Time: Dec 03, 2025 at 01:02 PM
-- Server version: 8.0.32
-- PHP Version: 8.1.33

SET SQL_MODE = "NO_AUTO_VALUE_ON_ZERO";
START TRANSACTION;
SET time_zone = "+00:00";


/*!40101 SET @OLD_CHARACTER_SET_CLIENT=@@CHARACTER_SET_CLIENT */;
/*!40101 SET @OLD_CHARACTER_SET_RESULTS=@@CHARACTER_SET_RESULTS */;
/*!40101 SET @OLD_COLLATION_CONNECTION=@@COLLATION_CONNECTION */;
/*!40101 SET NAMES utf8mb4 */;

--
-- Database: `4705533_clothing`
--

-- --------------------------------------------------------

--
-- Table structure for table `customers`
--

CREATE TABLE `customers` (
  `customer_id` int NOT NULL,
  `customer_name` varchar(100) NOT NULL,
  `phone` varchar(20) DEFAULT NULL,
  `email` varchar(100) DEFAULT NULL,
  `address` text
) ENGINE=InnoDB DEFAULT CHARSET=utf8mb4 COLLATE=utf8mb4_0900_ai_ci;

--
-- Dumping data for table `customers`
--

INSERT INTO `customers` (`customer_id`, `customer_name`, `phone`, `email`, `address`) VALUES
(1, 'Somchai Jinda', '0812345678', 'somchai@example.com', 'Bangkok'),
(2, 'Apinya Kumdee', '0897654321', 'apinya@example.com', 'Nonthaburi'),
(3, 'Prayut Boonmee', '0859998888', 'prayut@example.com', 'Pathum Thani'),
(4, 'Stacy Compton', '(870)612-2290', 'jking@anderson.com', 'Lake Ianchester'),
(5, 'Gina Edwards', '797-315-5566x5750', 'victor82@smith-hernandez.com', 'Port Joel'),
(6, 'Juan Dodson', '724.828.4402', 'sdiaz@yahoo.com', 'New Kristen'),
(7, 'Michael Odom', '5070036577', 'iwood@perry-hampton.com', 'South Janet'),
(8, 'Michael Martin', '001-672-045-8447x509', 'dillondonna@solis-spencer.com', 'Tylerville'),
(9, 'Nicole Edwards', '001-513-598-1357', 'luishays@hotmail.com', 'Port Gina'),
(10, 'Lisa Walker', '001-457-810-7911x783', 'joshua93@johnson.org', 'Port William'),
(11, 'Jeffrey Stevens', '761-310-6046', 'nicole60@kelly-sullivan.com', 'North Daniel'),
(12, 'Peggy Stone', '001-471-042-2291', 'james79@turner.biz', 'Wandashire'),
(13, 'Cody Guzman', '(053)731-7722x749', 'ewillis@hughes.com', 'West Mark'),
(14, 'David Lee', '8576057899', 'amills@gonzalez-brown.biz', 'East Michaelbury'),
(15, 'Nancy Joseph', '866.929.7305x886', 'ytran@foster.com', 'North Edwardmouth'),
(16, 'Robert Gordon', '001-505-120-3111', 'rosariopamela@hotmail.com', 'North Julieport'),
(17, 'Shawn Duarte', '689.397.6704x3914', 'wrightemily@gmail.com', 'East Guy'),
(18, 'Eric Pearson', '(334)715-1668', 'brittany73@yahoo.com', 'West Patrickport'),
(19, 'Morgan Flowers', '397.992.0810x56496', 'hlyons@medina.org', 'Mariaberg'),
(20, 'Joseph Jones', '(060)071-2538x56600', 'lauramedina@flores-gaines.com', 'Port Wendy'),
(21, 'Kristin Rhodes', '463-943-0395x3456', 'smithtonya@gmail.com', 'Raymondtown'),
(22, 'Derek Glover', '8815028470', 'ttapia@hotmail.com', 'Carterberg'),
(23, 'Denise Hill', '139.740.2145x930', 'dennisnancy@gmail.com', 'Terryland'),
(24, 'Kimberly Smith', '513.020.6619x66850', 'brettlee@ortega-rivera.com', 'Sarafurt'),
(25, 'Erika Chandler', '(261)034-5499x3096', 'stephanieedwards@blanchard.com', 'West Alejandro'),
(26, 'Deborah Elliott', '173.999.0828x5725', 'sdonaldson@stewart.biz', 'New Benjamin'),
(27, 'Samuel Moore', '+1-891-230-4721x196', 'robertselizabeth@hotmail.com', 'Crystalton'),
(28, 'Anthony Ramirez', '0542557285', 'brandon43@lee-curtis.com', 'North Patriciamouth'),
(29, 'Christina Brown', '977.485.5324x362', 'timothywright@bullock-bradley.com', 'Wrightside'),
(30, 'Mr. Charles Blevins V', '722.573.1279x4120', 'justindavis@hotmail.com', 'South Dominic'),
(31, 'Peter Ellison', '+1-636-459-8584x7116', 'nrichardson@gmail.com', 'Robersonstad'),
(32, 'Jessica Davis', '001-178-042-3478x000', 'valdezmadison@gmail.com', 'Port Regina'),
(33, 'Shannon Parker', '874.702.4944x8410', 'hannahthompson@gmail.com', 'Alexandrafurt'),
(34, 'Mckenzie Lee', '8041643922', 'djenkins@avila.com', 'North Sean'),
(35, 'Jacob Hunt', '(442)909-0642x215', 'reyesshelby@vasquez.com', 'Lake Angelaburgh'),
(36, 'Chase Smith', '3897894146', 'vromero@hotmail.com', 'Thomasbury'),
(37, 'Daniel Rogers', '001-030-948-9559x569', 'kimberly84@gmail.com', 'North Douglas'),
(38, 'Samantha Butler', '211-836-5104', 'weberglenn@williams.com', 'Wendybury'),
(39, 'Justin Jones', '001-560-384-9090x625', 'jameswagner@gmail.com', 'Lucasview'),
(40, 'Michael Tucker', '861.032.2514', 'katiemorgan@burch.com', 'Port Donaldborough'),
(41, 'Steven Johnson', '281.978.4874x565', 'jonesandrea@allen.info', 'East Jeffreyhaven'),
(42, 'Amy Carlson MD', '001-911-717-3531x549', 'jakehernandez@hotmail.com', 'West Johnmouth'),
(43, 'Shelley Cummings', '4435065758', 'timothytaylor@gmail.com', 'New Katie'),
(44, 'Candace Hayes', '606.988.6100x132', 'gloverscott@montoya.com', 'New Jessica'),
(45, 'Cynthia Wilson', '(913)251-7682', 'glassjacqueline@lucas.com', 'Christophermouth'),
(46, 'Jamie Woodard', '+1-939-058-2945x9586', 'barrettkristen@mitchell-williams.com', 'Evansberg'),
(47, 'Andrea Cline', '001-878-704-9057', 'kathryn96@hamilton.com', 'Rodneyborough'),
(48, 'Steven Gordon', '964-637-0849', 'rjennings@monroe.com', 'Perezview'),
(49, 'Brandon Solomon', '737-878-0884', 'xhodge@yahoo.com', 'Hannahtown'),
(50, 'Maurice Mccarthy', '028-184-1360x52576', 'james56@walker.info', 'New Dennismouth'),
(51, 'Richard Flores', '360-730-3607x74202', 'richard39@gmail.com', 'Port Stevenland'),
(52, 'Anthony Cunningham', '(038)556-8075', 'johnwilliams@miller.com', 'Sydneyfurt'),
(53, 'Cameron Galvan', '+1-976-274-1496x7674', 'steven68@gmail.com', 'Craigchester'),
(54, 'Beth Bell', '+1-799-185-4536x4099', 'hwilliams@rogers.com', 'North Jeffrey'),
(55, 'Sarah Vasquez', '+1-417-604-8635', 'olsonjustin@rios-olson.biz', 'Theresamouth'),
(56, 'Timothy Willis', '682.417.6373x09026', 'christina29@yahoo.com', 'Port Alyssa'),
(57, 'Maria Scott', '727-655-8291x352', 'michaeljackson@hall-oliver.com', 'East Amandamouth'),
(58, 'Nathaniel Perez', '(275)474-1647x1152', 'brownmark@hensley.biz', 'East Benjamintown'),
(59, 'Jamie Baird', '152.854.2340x60111', 'sancheztheodore@yahoo.com', 'Michaelbury'),
(60, 'Jeanne Smith', '001-082-062-2727x625', 'mariojordan@brown.info', 'New Daniel'),
(61, 'Andre Jenkins', '537-172-9781x575', 'sstewart@gonzales.com', 'West Annview'),
(62, 'Paige Evans', '(251)984-8153x38643', 'sallen@hotmail.com', 'Jacksonstad'),
(63, 'Adam Taylor', '334-814-3360x17726', 'darryl19@pierce-miller.info', 'North Cassandra'),
(64, 'Joseph Smith', '396-216-0689x53441', 'coneal@lee-elliott.com', 'Port Jessicaside'),
(65, 'Donald Cummings', '(298)535-0412x44017', 'samanthachapman@gmail.com', 'East Natalieside'),
(66, 'Scott Allen PhD', '001-419-730-0766x837', 'nancychen@hudson-foster.com', 'Erictown'),
(67, 'Samuel Hale', '0350082118', 'hartmanlance@hotmail.com', 'South Karen'),
(68, 'Danielle Franco', '001-135-886-5785x019', 'plucas@yahoo.com', 'West Victoriaton'),
(69, 'Ashley Mccarthy', '(694)100-6835x4592', 'brandonsmith@lewis-cochran.com', 'West Ethan'),
(70, 'Amanda Williams', '+1-865-872-5459x0926', 'matthewdurham@gmail.com', 'Jacobshaven'),
(71, 'Natasha Ball', '001-719-931-3767', 'cynthia72@williams.com', 'New Michelle'),
(72, 'Crystal Andersen', '(968)884-4912', 'ymorgan@sawyer.net', 'Adrianmouth'),
(73, 'Patricia Webster', '+1-698-605-0477x302', 'christophergallegos@duarte.com', 'Rubiomouth'),
(74, 'Juan Chavez', '435.681.7166', 'sheri07@zamora.com', 'West Anthonyburgh'),
(75, 'Matthew Smith', '(493)251-2770x1519', 'cdurham@yahoo.com', 'West Edward'),
(76, 'Charles Martinez', '139-127-7823', 'sandovalryan@hotmail.com', 'Lake Yolandashire'),
(77, 'Denise Foster', '(711)435-3135x168', 'cstevens@gmail.com', 'Morganville'),
(78, 'Margaret Ryan', '001-762-601-6875x111', 'transarah@moore.com', 'Bergville'),
(79, 'Sarah Flowers', '(151)850-1214', 'wjones@white.org', 'Colemanbury'),
(80, 'Stefanie Zavala', '001-736-851-0795x052', 'dalekramer@evans.com', 'Smithfort'),
(81, 'Charles Russell', '(376)451-2571', 'kimberly94@yahoo.com', 'Port Thomas'),
(82, 'William Franco', '+1-829-086-4393', 'jennifer77@nicholson.org', 'New Andrewmouth'),
(83, 'Trevor Becker', '591.106.4893x99864', 'jacqueline38@powell.com', 'Lake Rebekah'),
(84, 'Rebecca Peters', '7934591583', 'bsnow@mayer.com', 'Lake Sethfurt'),
(85, 'Sarah Davis', '578.790.6399', 'franklintrevor@aguirre.com', 'Adamsshire'),
(86, 'Nicole Klein', '698-603-8720x87382', 'fosterdawn@ford.com', 'Darrenmouth'),
(87, 'Ryan King', '6666685952', 'cthornton@gmail.com', 'Evansbury'),
(88, 'Sara Nelson', '+1-683-146-5923', 'taylor41@avila.com', 'Michelleview'),
(89, 'Veronica Ward', '720-863-9638x338', 'jasmine83@watts.com', 'Gillespiehaven'),
(90, 'Kevin Walker', '(351)383-5211', 'vgeorge@kennedy-hall.net', 'North Jennifertown'),
(91, 'Michele Daniels', '001-746-189-6535x516', 'melissabarrett@cook.biz', 'Sarahland'),
(92, 'Johnathan Kelley', '+1-836-889-6808', 'walkergarrett@gmail.com', 'Thompsonview'),
(93, 'Valerie Pittman', '319-887-7023', 'travisjohnson@hotmail.com', 'Lake Amyport'),
(94, 'Jacqueline Lewis', '(463)031-1489', 'greese@choi.org', 'New Deborahtown'),
(95, 'Monica Blair', '+1-485-495-1980x9269', 'jennamcgee@green.com', 'North Jamesmouth'),
(96, 'Cynthia Castillo', '001-488-351-9526x976', 'aimeepruitt@hotmail.com', 'Shannonhaven'),
(97, 'Susan Young', '7087094281', 'jeffersondouglas@hotmail.com', 'Michaelberg'),
(98, 'Carol Ray', '+1-352-562-4215x027', 'jamessmith@wilkins.com', 'Brownton'),
(99, 'Amy Jackson', '9865119727', 'kmack@griffin-williams.com', 'Port Collin'),
(100, 'Catherine Woods', '(630)255-6098x359', 'sheilaroman@melendez-evans.com', 'Hamiltonside'),
(101, 'Toni Hall', '452.126.1929', 'mooretiffany@hotmail.com', 'Sawyerstad'),
(102, 'Tammy Anderson', '001-938-525-2692x759', 'jcoleman@hotmail.com', 'Bondfurt'),
(103, 'Ronnie Patterson', '001-933-598-2391x682', 'michaelthompson@gmail.com', 'Bautistaborough'),
(104, 'Angel Mckay', '771-244-5187x6160', 'jamesjohnson@peck.com', 'Gonzalezmouth'),
(105, 'Ashley Macdonald', '174.848.6295', 'kimberly96@hotmail.com', 'West Steveton'),
(106, 'Elizabeth Gibson', '560-856-7494', 'robertsoncody@yahoo.com', 'Perezhaven'),
(107, 'Charlotte Weaver', '757-016-2726x022', 'judy76@hotmail.com', 'Marquezview'),
(108, 'Matthew Greene', '425-892-1456x83596', 'ajordan@wallace.com', 'Lake Julie'),
(109, 'Jade Lara', '798.920.4537x6451', 'vharmon@king.info', 'West Jasonborough'),
(110, 'Jesse Forbes', '+1-807-171-8646x6655', 'kendrajones@jones.com', 'Robertfort'),
(111, 'Evelyn Keith', '001-449-015-0057', 'arnoldjessica@chan.org', 'Vazquezborough'),
(112, 'Mr. Dakota Morgan', '399-617-6025', 'hlittle@hotmail.com', 'Vazquezfurt'),
(113, 'Kevin Pope', '001-019-540-1538x997', 'deborahgarrett@williams.biz', 'New Patriciastad'),
(114, 'Jake Lopez', '521.224.9665x27486', 'susanrodriguez@garrett.com', 'Stephaniemouth'),
(115, 'James Smith', '+1-981-238-3016x406', 'tyler86@hotmail.com', 'Jacobmouth'),
(116, 'Trevor Larson', '439.410.7716x294', 'charles53@mason.com', 'East Matthew'),
(117, 'Michael Costa', '001-010-875-0385x248', 'dixonmichele@hotmail.com', 'New Stacey'),
(118, 'Antonio Gaines', '001-863-909-9015x466', 'wbanks@miles.com', 'South Seth'),
(119, 'Jerry Robinson', '001-375-977-0056', 'katieanderson@gmail.com', 'West Suemouth'),
(120, 'Heather Johnson', '672.092.9865x912', 'timothy85@gmail.com', 'South Emily'),
(121, 'Jose Stewart', '267.594.3192x2796', 'gowens@ross.info', 'Lake Jennifer'),
(122, 'Kristi Jenkins MD', '+1-960-943-0247x241', 'wadeamanda@reyes.com', 'Andersonburgh'),
(123, 'Nathan Baker', '001-284-9075', 'cgarcia@hotmail.com', 'Port Joelburgh'),
(124, 'Mark Martinez', '001-381-030-8913x683', 'duncanroger@woods-fernandez.com', 'East Robert'),
(125, 'Edward Jackson', '(273)686-9645x56350', 'mortonbilly@hotmail.com', 'North Michaelfurt'),
(126, 'Teresa Davis', '001-766-596-1046x867', 'fwilson@jones.com', 'South Melissa'),
(127, 'Emily Stevenson', '815-379-2854x53672', 'rhodesanthony@yahoo.com', 'Desireeberg'),
(128, 'David Phillips', '619.855.1956x5023', 'lisa15@smith.info', 'Port Dennis'),
(129, 'Carol Carpenter', '(088)026-1841x1001', 'choikimberly@mosley-sherman.com', 'Perezport'),
(130, 'Christian Hampton', '325.833.0399x4213', 'xnguyen@hotmail.com', 'Richburgh'),
(131, 'Sheri Crosby', '155-904-3675x317', 'jodyreyes@hotmail.com', 'South Nathanfort'),
(132, 'Miss Karen Fischer PhD', '(913)090-7757x2165', 'mauricebender@stokes-huang.net', 'Lake Theresachester'),
(133, 'Sarah Vargas', '976.990.4827', 'donnacoleman@jones-ramirez.org', 'Underwoodmouth'),
(134, 'Theresa Rogers', '001-459-896-4997x264', 'ebrown@hunter.com', 'New Julia'),
(135, 'Jonathan Gillespie', '001-872-310-0618', 'hebertashley@gmail.com', 'Sullivantown'),
(136, 'Lori Hart', '001-517-297-0375', 'ryancolon@yahoo.com', 'Ronaldview'),
(137, 'James Herrera', '(107)747-4540x6595', 'taylorjeremy@gmail.com', 'West Yolanda'),
(138, 'Andrew Burke', '(713)612-1257', 'erin81@yahoo.com', 'Nicoleside'),
(139, 'Wendy Hanson', '707.531.7210x82423', 'kdavis@gmail.com', 'East Heidishire'),
(140, 'Chad Garcia', '001-055-469-1445x071', 'qhamilton@hotmail.com', 'North Mitchell'),
(141, 'Daniel Ayers', '770.288.9000x99028', 'mking@carter.net', 'Meyerberg'),
(142, 'Jason Lloyd', '+1-892-641-4005', 'sampsonaaron@yahoo.com', 'West Anthonytown'),
(143, 'Randall Simmons', '277-278-5099x6763', 'jacob58@wolfe.net', 'West Trevor'),
(144, 'Matthew Marshall', '(576)853-9575x5898', 'george05@gamble-lewis.com', 'Peterbury'),
(145, 'Brandon Bailey', '322.061.4202', 'edwardweber@hotmail.com', 'North Kristiborough'),
(146, 'Micheal Gray', '(394)214-5816x54910', 'vgarcia@hotmail.com', 'West Chadhaven'),
(147, 'Mark Mills', '001-840-168-2537x429', 'larsonchristopher@yahoo.com', 'North Evanchester'),
(148, 'William Vaughn', '(767)634-1378', 'bakernancy@wilson.info', 'Toddchester'),
(149, 'Kristy Berger', '+1-747-242-4132x7130', 'bradleytorres@walker-turner.com', 'Mooneyside'),
(150, 'Christine Harris', '(502)050-0289', 'agraham@vargas-ortiz.com', 'South Joshuabury'),
(151, 'Laura Phillips', '+1-133-001-7604x8407', 'jarvisbryan@yahoo.com', 'North Joshuashire'),
(152, 'Raven Ford', '877-810-0785', 'sarah15@bennett-gonzalez.info', 'New Justin'),
(153, 'Steven Lee', '001-016-835-5866x964', 'lgilbert@hill-jones.com', 'New Katherinemouth'),
(154, 'Mary Johnson', '001-740-371-8207', 'brownsamuel@yahoo.com', 'Port Kathleenhaven'),
(155, 'Mario Coleman', '1557791054', 'istone@hotmail.com', 'East Stefanie'),
(156, 'Austin Strickland', '877-187-7582x5010', 'whitney14@hotmail.com', 'West Nicole'),
(157, 'Stephanie Little', '+1-279-744-7907', 'yolanda57@matthews.info', 'North Ryanside'),
(158, 'Michelle Smith', '043-687-9982x599', 'iwoodard@garner-turner.com', 'Jordanville'),
(159, 'Joseph Fischer', '(489)971-1046x04373', 'larrymclean@yahoo.com', 'Ramirezborough'),
(160, 'Adam Gordon', '(520)563-8185', 'franceswalker@edwards.com', 'Port James'),
(161, 'Edward Richards', '(086)551-9460x0780', 'johnny86@molina.com', 'East Robert'),
(162, 'Kathryn Hernandez', '006.324.2058', 'jessica85@hotmail.com', 'New John'),
(163, 'Andrea Rodriguez', '902-529-1506', 'jasminerowe@merritt.org', 'Villanuevaborough'),
(164, 'Scott Fuentes', '001-696-011-4497x071', 'kellygutierrez@gmail.com', 'South Kari'),
(165, 'Brian Miller', '958.692.6869x34639', 'whitetaylor@lewis-sims.com', 'Lake Robert'),
(166, 'Phillip Cobb', '(373)733-0329', 'idecker@faulkner-lewis.com', 'New David'),
(167, 'Molly Brown', '+1-600-835-0646x550', 'jeffery55@hotmail.com', 'South Sylvia'),
(168, 'Christine Henry', '1366643408', 'joshua37@perry.biz', 'Jamesport'),
(169, 'Benjamin Porter', '320-799-6205x35747', 'andrea93@gmail.com', 'Evanberg'),
(170, 'Mary Reyes', '1649977540', 'kharrison@hotmail.com', 'Lake Deanmouth'),
(171, 'Kyle Wilson', '+1-349-274-9409x644', 'jacquelinewhitehead@gmail.com', 'Katherineport'),
(172, 'Anthony Gilmore', '001-422-152-9245', 'mark83@hotmail.com', 'Jonestown'),
(173, 'Todd Bradley', '001-491-008-3372x929', 'nsavage@hotmail.com', 'Port Brian'),
(174, 'David Lee', '882.566.6038x45347', 'james85@gmail.com', 'Leahstad'),
(175, 'Courtney Ross', '501.735.9709x307', 'kendramyers@gmail.com', 'Tiffanyland'),
(176, 'Mrs. Lisa Silva', '965-918-9660x0112', 'gloriamcgee@jimenez-williams.info', 'Carlsonshire'),
(177, 'Robert Walter', '001-867-941-6090x868', 'amandarivera@gmail.com', 'Anaborough'),
(178, 'Miss Susan Burns', '+1-206-541-1070', 'timothyfisher@dean-scott.com', 'Lake Maria'),
(179, 'Justin Stephens', '(559)465-3145', 'stephensonjoel@hotmail.com', 'Port Daltonbury'),
(180, 'Joel Cobb', '(570)373-7586', 'gary84@yahoo.com', 'Buchananhaven'),
(181, 'Amanda Howard', '+1-234-864-8693x617', 'contreraschristine@murray.com', 'West Michaelbury'),
(182, 'Todd Jones', '(726)242-8195x5985', 'tanderson@yahoo.com', 'New Tanya'),
(183, 'Amy Gonzalez', '+1-000-489-2244x8241', 'brooksnicholas@guzman.com', 'North Pattyshire'),
(184, 'Chad Wright', '+1-148-124-6400x7877', 'daviddavis@jordan.com', 'East Matthewfurt'),
(185, 'John Todd', '+1-229-726-5842', 'fbrown@brown.com', 'West Anna'),
(186, 'Barbara Mcdonald', '001-687-793-3175x581', 'michael94@gmail.com', 'Gonzalezburgh'),
(187, 'Samuel Wolfe', '540.750.2410', 'tfrazier@hotmail.com', 'Lake Erin'),
(188, 'Cameron Shaw', '295-775-8280x740', 'daniel19@morris-kidd.com', 'Michaelmouth'),
(189, 'Nicole Reyes', '001-528-885-7645x027', 'mflores@hotmail.com', 'Audreyton'),
(190, 'Alexandra Miranda', '4426436730', 'adamssteven@hotmail.com', 'Kelleybury'),
(191, 'Zachary Perez', '001-105-380-6658x895', 'walshangela@williams.net', 'West David'),
(192, 'Andrea Davis', '(343)098-5182x36349', 'umurray@yahoo.com', 'Bennettberg'),
(193, 'Stephanie Mitchell', '(949)889-4079', 'paula25@hart.net', 'Port Loganmouth'),
(194, 'Brenda Smith', '353-276-4221x9043', 'castromichael@yahoo.com', 'Wallerchester'),
(195, 'Alyssa Palmer', '775.022.8629x409', 'jeremybruce@hotmail.com', 'Meyermouth'),
(196, 'Dennis Velez', '(745)679-1075x64988', 'richardsonkylie@hotmail.com', 'East Abigail'),
(197, 'Amber Russell', '891.318.0193x53657', 'davidrobertson@parks-williams.com', 'Lake Sheila'),
(198, 'Natalie Graves', '(744)292-0651', 'hannahfry@yahoo.com', 'East Ianchester'),
(199, 'Kevin Robinson', '936-259-4300', 'griffinsamantha@holmes.com', 'Beltranhaven'),
(200, 'Kerri Vaughn', '001-070-607-2943x851', 'nlowery@bennett.com', 'Michaelview'),
(201, 'Stacy Lam', '222-115-5017', 'tracy55@yahoo.com', 'New Gary'),
(202, 'Juan Gibson', '001-221-406-0329', 'joanna64@hotmail.com', 'West Michaelfort'),
(203, 'Joseph Hughes', '001-571-486-2828x944', 'fsanders@leonard.com', 'Lake Brittany'),
(204, 'Samantha Burton', '+1-344-156-2848', 'olivia89@hill-perez.biz', 'Theresamouth'),
(205, 'Melissa Conway', '+1-111-104-4651x0220', 'taylormatthew@macias.org', 'New Charles'),
(206, 'Dr. Ann Martin DDS', '001-335-049-3911x799', 'rnorris@yahoo.com', 'South Jason'),
(207, 'Jose Francis', '608.779.1771x2580', 'brandon10@yahoo.com', 'North Sandrahaven'),
(208, 'Kelly Ramirez', '936.479.7755', 'sarah10@tran-shelton.com', 'Emilyton'),
(209, 'Autumn Marks', '001-945-469-9318', 'ngordon@gmail.com', 'Smithfurt'),
(210, 'Samantha Wilcox', '001-794-633-5776', 'castrotimothy@hampton-peterson.com', 'Jenniferside'),
(211, 'Robert Chapman', '3551442754', 'framos@yahoo.com', 'North Nicoletown'),
(212, 'Jordan Kerr', '(543)773-2856x37204', 'maddenmelissa@hotmail.com', 'Karenton'),
(213, 'Rachel Perry', '349-580-6247x371', 'laurie78@yahoo.com', 'Jodymouth'),
(214, 'Amanda Myers', '199-303-4825', 'roger18@hotmail.com', 'Grahamfort'),
(215, 'Catherine Hubbard', '001-173-818-9494x453', 'hernandeztravis@yahoo.com', 'Mooneyview'),
(216, 'James Smith', '1755614479', 'kenneth17@hotmail.com', 'North Jefferyburgh'),
(217, 'Heather Schneider', '053-077-9910x7205', 'sheilagreen@woods-trevino.com', 'West Bradmouth'),
(218, 'Phillip Miller', '984.493.1594', 'kristineking@parks-soto.com', 'Hayesfurt'),
(219, 'Jerry Brown', '(858)534-1767x28388', 'josewarner@gmail.com', 'Aaronville'),
(220, 'Gary Brown', '(069)615-5228x178', 'territhomas@johnson.com', 'Sanchezshire'),
(221, 'Joseph Braun', '1029358631', 'robert96@yahoo.com', 'West Frank'),
(222, 'Kyle Cortez', '(329)759-8063x981', 'qchristensen@peterson.org', 'Davidberg'),
(223, 'William Jones', '+1-061-341-8322x5201', 'danieldylan@gmail.com', 'New Sheilabury'),
(224, 'Shelia Anderson', '9796868267', 'leerobert@kim.com', 'Mcintoshland'),
(225, 'Jeffrey Murray', '801-713-2656', 'margaretroberts@bentley-knight.info', 'South William'),
(226, 'James Lindsey', '759.179.7051x71287', 'mwalker@hotmail.com', 'Port Ryan'),
(227, 'Brian Ward', '001-737-365-8842x965', 'frankjarvis@bender-gibson.com', 'Lake John'),
(228, 'Elizabeth Kennedy', '715.115.6841', 'ramosanna@rhodes.net', 'Ramosshire'),
(229, 'Catherine Guerrero', '001-412-721-2240', 'joshua23@hotmail.com', 'South Pamelaport'),
(230, 'Stephanie Taylor', '7529163160', 'heatherperez@wood.com', 'Melissaport'),
(231, 'Andrew Morgan', '001-272-712-5384x452', 'angela99@hotmail.com', 'Harrisside'),
(232, 'John Fitzgerald', '(168)560-9819x59399', 'patriciamills@hotmail.com', 'South Sharonbury'),
(233, 'Terry Landry', '727-407-3203x9628', 'sjohnson@nixon.com', 'North Michael'),
(234, 'Leslie Mueller', '+1-757-977-6080x3618', 'hlang@hardin.com', 'Smithshire'),
(235, 'Cynthia Pollard', '3520774937', 'omartinez@rivera.org', 'West Michael'),
(236, 'Lisa Pacheco', '+1-822-521-8640x272', 'ajones@lam.com', 'Port Aprilside'),
(237, 'Teresa Love', '001-921-596-0820x865', 'lindarobinson@armstrong.com', 'New Pamela'),
(238, 'Kimberly Flores', '718-108-3686x006', 'rsweeney@green.info', 'East Alison'),
(239, 'Emily Taylor', '437.376.1395x8329', 'uhouse@gmail.com', 'North Davidtown'),
(240, 'Alexandra Martinez', '956-355-2431', 'turnerjessica@freeman.net', 'Rossfurt'),
(241, 'Katherine Stone', '(114)920-5715x00679', 'derek86@yahoo.com', 'Tiffanytown'),
(242, 'Amy Hunt', '001-177-367-2159x574', 'rhondaparker@gmail.com', 'New Jacquelineberg'),
(243, 'Shawn Pittman', '226-190-0444x4383', 'courtneylucero@hotmail.com', 'West Carmen'),
(244, 'Mitchell Shepherd', '(767)387-4381x3956', 'turnermatthew@cardenas-hudson.com', 'East Jeremy'),
(245, 'Brendan Rogers', '+1-856-037-0742x8719', 'tylerwilliams@steele-hamilton.com', 'Jonesstad'),
(246, 'Ryan Copeland', '+1-473-389-1922x7342', 'owensanthony@gmail.com', 'New Jonview'),
(247, 'Thomas Olson', '(808)379-5260x9676', 'amy68@hotmail.com', 'East Nancyfort'),
(248, 'Molly Robinson', '133-239-6945', 'wglover@green-moore.com', 'Rileyshire'),
(249, 'Derrick Mason', '424-070-0795', 'veronica94@orr-ramirez.org', 'Port Annstad'),
(250, 'Jill Davis', '001-827-831-2559x612', 'walshjoshua@yahoo.com', 'Randolphbury'),
(251, 'Jason Perez', '5043507904', 'scott66@gmail.com', 'Angelaton'),
(252, 'Patricia Cole', '+1-440-389-0358', 'sanfordgeorge@arias-pierce.com', 'Solisborough'),
(253, 'Amanda Lynch', '766-298-1387x009', 'bill02@gmail.com', 'West Angela'),
(254, 'Deanna Hamilton', '973.046.1719', 'williamsshannon@nguyen-bryant.org', 'Floresville'),
(255, 'Lauren Walker', '(761)353-9845x9769', 'christine72@yahoo.com', 'Williamchester'),
(256, 'Christopher Hurley', '(613)982-8359x951', 'patricia01@gmail.com', 'Amandaton'),
(257, 'Tonya West', '+1-160-337-0730x225', 'dallen@bailey.org', 'New Lindseybury'),
(258, 'April Morris', '546.271.6217', 'hallamy@nelson.net', 'Jerrychester'),
(259, 'Monica Miles', '(827)775-4641x78313', 'breanna85@hotmail.com', 'Knightberg'),
(260, 'Anna George', '(623)626-8930x4255', 'jill99@lucas-diaz.com', 'Debbiestad'),
(261, 'William Roach', '372.356.3104x786', 'camposjohn@gmail.com', 'Port Johnathanfurt'),
(262, 'Gregory Rios', '(027)229-9356x2981', 'paulhorne@costa.com', 'Davisfort'),
(263, 'Glenn Rogers', '001-446-534-1300x982', 'seth64@yahoo.com', 'North David'),
(264, 'Shaun Brown', '694-666-6620', 'rogerlam@jones.org', 'Valentinefort'),
(265, 'Eric Holland', '001-071-687-8253', 'zmahoney@sanchez-fox.org', 'Masonfort'),
(266, 'Sandra Beck', '511.700.5086', 'andreastevens@hotmail.com', 'Cookmouth'),
(267, 'Robert Love', '(472)113-9026', 'spencerheather@hotmail.com', 'Pachecoville'),
(268, 'Robert Diaz', '(649)830-8797x86187', 'gsanchez@rogers-nelson.org', 'Jacobland'),
(269, 'Michael Burton', '483.633.4364', 'jtyler@yahoo.com', 'Ashleyberg'),
(270, 'Andrew Singh', '980-816-8663', 'gromero@dunn-bennett.biz', 'South Danielle'),
(271, 'Ashley Jackson', '148-258-7993x811', 'peggy79@yahoo.com', 'Alexanderfurt'),
(272, 'Sophia Jenkins', '001-964-119-0407x551', 'djones@clark-gomez.info', 'Christopherbury'),
(273, 'Jonathan Smith', '6905997785', 'kathrynowens@perry.com', 'Matthewport'),
(274, 'Jacob Gentry', '428-095-2085', 'james58@lozano.com', 'East Anna'),
(275, 'Brenda Deleon', '(271)791-1425', 'smithtina@yahoo.com', 'West David'),
(276, 'David Mahoney', '(313)872-5075x0986', 'peteroneill@smith.com', 'East Annmouth'),
(277, 'Colin Kelley', '001-245-874-1108', 'ssilva@russell.com', 'West Kennethport'),
(278, 'Christine Hicks', '147.478.0823', 'moralesdavid@parrish.biz', 'Collinfurt'),
(279, 'Rose Marshall', '+1-907-502-1047', 'andrew83@wells.com', 'Melissaberg'),
(280, 'Dennis Leonard', '001-913-762-4709x080', 'kimberlyadams@gmail.com', 'Rodriguezport'),
(281, 'Derek Willis Jr.', '492.513.6947', 'patricia68@yahoo.com', 'Lake Judith'),
(282, 'Thomas Knapp', '001-319-363-8125x662', 'david27@yahoo.com', 'Toddton'),
(283, 'Ms. Crystal Chapman DVM', '+1-250-233-8346', 'christianwilliams@patterson.com', 'North Markstad'),
(284, 'Jessica Greene', '638-846-4141x48269', 'susan54@vasquez-brown.com', 'Nicoleside'),
(285, 'Jasmin Mcclain', '001-899-311-5479x191', 'joshua23@west-meyer.org', 'Tuckerton'),
(286, 'Laura Cole', '+1-536-867-5726', 'karen73@hotmail.com', 'Jonesland'),
(287, 'James Stark', '486.690.5556', 'szhang@yahoo.com', 'Amyland'),
(288, 'Michael Williams', '861.040.0412x164', 'wendy88@hotmail.com', 'Smithland'),
(289, 'Jessica Mason', '+1-685-871-6191x975', 'annking@gmail.com', 'Moraleston'),
(290, 'Michael Davies', '001-502-144-7146', 'glynch@mitchell.com', 'Myersfort'),
(291, 'Dominic Scott', '(430)160-0569', 'odelacruz@gmail.com', 'Hessside'),
(292, 'Brett Smith', '+1-539-819-6202x8872', 'taylornoah@miller.com', 'New Andrea'),
(293, 'Jeffrey Byrd', '1235151449', 'nicole63@hotmail.com', 'Port Sheenatown'),
(294, 'Sara Smith', '(172)411-7269x40026', 'storres@hunter-mcbride.com', 'East Anthony'),
(295, 'Patricia Cooper', '+1-743-136-9136x1722', 'logan36@hanson-smith.com', 'Jacobfurt'),
(296, 'Dr. Louis Booth', '(209)138-4379x7986', 'banksbilly@gmail.com', 'East Jeffreyport'),
(297, 'James Spears', '+1-394-028-7566x7283', 'jeffrivera@hotmail.com', 'Kellyside'),
(298, 'Kevin Phelps', '+1-699-986-0369x1212', 'kellydiane@hotmail.com', 'Victorialand'),
(299, 'Christopher Dixon', '(192)239-6219x956', 'zschmidt@yahoo.com', 'New Sheri'),
(300, 'Michael Palmer', '001-589-056-4423x699', 'zfreeman@yahoo.com', 'East Ashleyville'),
(301, 'Patrick Clayton', '8957012601', 'johnsonkimberly@reynolds.net', 'North Franklinmouth'),
(302, 'Jessica Woodward', '(411)995-2756x0473', 'elizabeth10@vasquez.info', 'New Jamesport'),
(303, 'Jose Sanchez', '+1-839-966-9264x5684', 'jeffreyjackson@taylor-miller.com', 'Cooperport'),
(304, 'Dawn Molina', '483.720.1609x09509', 'larrywilliams@gmail.com', 'Williambury'),
(305, 'Nicholas Turner', '863-972-8256', 'margaret55@yahoo.com', 'Cummingsport'),
(306, 'Sarah Keller', '(978)983-3315x0533', 'harrisjonathan@hotmail.com', 'East Ann'),
(307, 'Mr. Henry Brooks', '001-444-970-4664', 'munozrichard@hotmail.com', 'Lake Deborah'),
(308, 'Melissa Morton', '(905)308-4156', 'marilyn39@yahoo.com', 'Beverlytown'),
(309, 'Mark Howell', '7398472343', 'sarah89@yahoo.com', 'East Timothy'),
(310, 'Kim Bryant', '831-808-9626x16823', 'osbornefrederick@yahoo.com', 'Port Angelicamouth'),
(311, 'Barbara Smith', '001-779-183-0290x688', 'joanne44@ross.com', 'North Diane'),
(312, 'Thomas Pratt', '599.899.2873x73558', 'ianhobbs@yahoo.com', 'Scottside'),
(313, 'Christina Thornton', '908.699.6436', 'psmith@yahoo.com', 'Marymouth'),
(314, 'Ruben Sutton', '+1-069-617-8914x518', 'bobbyfisher@yahoo.com', 'Angelaland'),
(315, 'Amber Rubio', '987.988.3066x09560', 'gespinoza@hart-gordon.info', 'Erinfurt'),
(316, 'Nicholas Black', '155.945.2779x5679', 'sarawhitney@rogers.net', 'Nataliemouth'),
(317, 'Cameron King', '467.365.2175x751', 'virginiaford@hotmail.com', 'North Carlosland'),
(318, 'Sonia Mendoza', '667-182-1697', 'dustinjohnson@pope.com', 'Laurenmouth'),
(319, 'Jill Williams', '982.045.9145', 'richardsonapril@powell-west.org', 'Lake Leslie'),
(320, 'Isaac Brown', '376.668.0534', 'moralesjames@gmail.com', 'Austinton'),
(321, 'Veronica Thompson', '835-842-1145x033', 'twilliams@cuevas-powell.info', 'West Jeffery'),
(322, 'Tony Lopez', '498.969.2432', 'smithaaron@hotmail.com', 'North Jameston'),
(323, 'Lisa Williams', '001-946-075-8041', 'heatherwilliams@hotmail.com', 'Port Kevinton'),
(324, 'Meghan Ryan', '229-896-6991x16696', 'curtisscott@adams.info', 'Watkinsview'),
(325, 'Levi Gould', '952.402.9322x12478', 'hvalencia@hardin.info', 'Jameston'),
(326, 'Erin Cooper', '315-505-2479x04093', 'vwall@smith.biz', 'Port Heather'),
(327, 'Omar Hamilton', '618.207.4359', 'garciakevin@hotmail.com', 'Weaverborough'),
(328, 'Michael Mahoney', '940.302.9817x7504', 'vgonzales@curry.net', 'Ericside'),
(329, 'Jason Parrish', '(616)657-5073', 'joshuahahn@yahoo.com', 'Harpershire'),
(330, 'Katherine Lester', '1157365654', 'williamskristine@mitchell.com', 'South Brandi'),
(331, 'Hailey Waters', '437-038-5228x929', 'xbell@hamilton.com', 'East Diana'),
(332, 'Lonnie Johnson', '+1-236-445-0025x3674', 'imatthews@cooper.com', 'Michaelland'),
(333, 'Kimberly Warner', '468-165-6742x38018', 'jamesreginald@gmail.com', 'New Edward'),
(334, 'Ricky Cook', '831-474-2494x7250', 'ibarron@sanders.net', 'Lake Patriciafurt'),
(335, 'Donald Oneill', '979-874-4779x8613', 'hallrebecca@jones.com', 'South Kayla'),
(336, 'Kelly Hendricks', '832-151-0996x96833', 'christinalewis@yahoo.com', 'North Benjaminfurt'),
(337, 'Scott Johnson', '(728)459-1263', 'gonzalezmarie@hotmail.com', 'Jasonport'),
(338, 'Juan Gonzalez', '001-530-908-8946', 'christophersilva@yahoo.com', 'Parkerhaven'),
(339, 'Tamara Robertson', '717.110.9514x1881', 'vcobb@yahoo.com', 'Hicksland'),
(340, 'Alexander Smith', '184-926-0950x65878', 'dakota02@yahoo.com', 'Christopherbury'),
(341, 'Suzanne Benjamin', '+1-318-724-0353x3808', 'kcrosby@hotmail.com', 'East Maria'),
(342, 'Brandi Deleon', '(483)678-4326x199', 'danielle87@reyes-kennedy.com', 'North Amandaburgh'),
(343, 'Kevin Reid', '001-512-414-4550', 'amandahubbard@gonzalez.com', 'Carlashire'),
(344, 'Wendy Fleming', '+1-799-755-4079', 'benjaminruiz@haas.com', 'Trujillofort'),
(345, 'Matthew Espinoza', '001-265-962-9240x057', 'bestkenneth@anderson.info', 'Landrymouth'),
(346, 'David Powell', '(172)046-6444x995', 'cohenjulia@williams-martinez.com', 'West Cynthiachester'),
(347, 'Carolyn Thompson', '(247)153-4614x397', 'dgonzalez@carpenter-anderson.net', 'Michelleshire'),
(348, 'Gabrielle Fry', '826.072.9209x743', 'miguel03@rose-campbell.info', 'Dickersonmouth'),
(349, 'William Howard', '(310)106-9914x1419', 'zhenderson@williams-house.com', 'North Anthony'),
(350, 'Shelley Lamb', '+1-485-603-2676x4619', 'martinezlaura@chavez-deleon.org', 'Michelletown'),
(351, 'Richard Frank', '8654722800', 'tanya36@yahoo.com', 'East Ronald'),
(352, 'Justin Powell', '+1-697-298-5853x9943', 'nchambers@edwards.org', 'New Carlos'),
(353, 'Elizabeth Costa', '+1-364-377-6662x0741', 'jaredvazquez@yahoo.com', 'East April'),
(354, 'Gene Wilson DDS', '(000)289-3362x15464', 'yeseniahernandez@gmail.com', 'Donaldmouth'),
(355, 'Yvette Miller', '773-077-7419', 'bishopashley@berg.com', 'Dicksonfort'),
(356, 'Kimberly Ramirez', '109-675-9093', 'xspencer@solomon-smith.com', 'Adamland'),
(357, 'Barry Simpson', '001-384-678-4277x746', 'tstephens@gmail.com', 'Port Kyle'),
(358, 'Rebecca Green', '001-390-745-1479', 'steven52@stewart.com', 'Port Robert'),
(359, 'Jennifer Gardner', '865.970.9251', 'denise96@yahoo.com', 'Martinezbury'),
(360, 'Chelsea Frazier', '001-903-206-3578', 'james70@kelly.com', 'Debraville'),
(361, 'Angela Kim', '902-363-4064x9019', 'anthonyterry@gmail.com', 'New Sandrabury'),
(362, 'Jason Coleman', '(498)955-8716x908', 'casey58@butler-tucker.com', 'New Bradymouth'),
(363, 'Cindy Ortiz', '(674)725-3912x93752', 'stephen69@grant.net', 'Griffithmouth'),
(364, 'Priscilla Brown DDS', '729.128.9777x49748', 'barbaramiller@hotmail.com', 'Campbellland'),
(365, 'Matthew Martinez', '794.365.1758', 'anncobb@kim-white.biz', 'Lake Elizabethside'),
(366, 'Nancy Melendez', '+1-972-972-4934x0528', 'markward@brown.com', 'West Tyler'),
(367, 'David Arnold', '+1-755-824-3459x6832', 'karen50@rodriguez.com', 'Levinefurt'),
(368, 'John Clark', '001-812-338-3539', 'nfloyd@hotmail.com', 'Shaffermouth'),
(369, 'Jessica West', '001-740-296-9284x822', 'rsnyder@gmail.com', 'Hammondton'),
(370, 'Christopher Johnston', '001-883-064-5583x115', 'bennetttimothy@gutierrez-kerr.com', 'Russellville'),
(371, 'Louis Tanner', '611.688.8006', 'joseph66@esparza.info', 'Warestad'),
(372, 'Christopher Bird', '530-852-8356', 'athomas@gmail.com', 'North Julie'),
(373, 'Michelle Sullivan', '(004)115-3408', 'stephanie95@gmail.com', 'Bradleybury'),
(374, 'Tom Davis', '6844485912', 'cortezstacey@hotmail.com', 'Lake Zachary'),
(375, 'Chelsea Lopez', '233.436.2971', 'kathrynmorse@yang-jackson.com', 'Mccoyton'),
(376, 'Sabrina Tran', '001-431-253-7842x106', 'jscott@yahoo.com', 'North Amy'),
(377, 'Eileen Greene', '055-817-9388', 'fhouston@moore.com', 'Jesusshire'),
(378, 'Tiffany Aguilar', '239-072-1176x725', 'katherine19@moore.info', 'Port Joshuaport'),
(379, 'Barbara Price DDS', '7601347215', 'grayjacqueline@gomez-bowen.biz', 'Gutierrezfurt'),
(380, 'Heather Jenkins', '5378957686', 'heidiryan@thomas.com', 'Johnsontown'),
(381, 'Linda Riley', '7134935969', 'lindsay11@harrell.com', 'Williamsshire'),
(382, 'Kimberly Moody', '(135)418-4129x7027', 'gilbertcharles@welch-salazar.com', 'Joyton'),
(383, 'Jennifer Jimenez', '278-535-2158x963', 'stephanie63@mcconnell.com', 'New Darrellfort'),
(384, 'David Barnett', '+1-148-845-0998x352', 'garciajohn@gmail.com', 'Stephanieview'),
(385, 'Curtis Stevens', '+1-709-157-1029x6911', 'lopezjesse@hotmail.com', 'Georgeville'),
(386, 'Theresa Deleon', '638.266.2549', 'annaburnett@archer.biz', 'East Jacobville'),
(387, 'Jose Anderson', '030-919-7009x528', 'damonho@hotmail.com', 'Jonathanborough'),
(388, 'Jessica Jordan', '001-263-996-3923x219', 'kellerjames@hotmail.com', 'Mahoneyshire'),
(389, 'Andrea Wright', '235.437.4461', 'glewis@yahoo.com', 'Nicholasshire'),
(390, 'Megan Harris', '(771)081-1299', 'rmartinez@hoffman-zuniga.com', 'South Richard'),
(391, 'Samuel Valdez', '(968)502-1303x557', 'angela34@gmail.com', 'South Erik'),
(392, 'Cynthia Huber', '(414)406-9404x28057', 'michelechung@gmail.com', 'Piercefurt'),
(393, 'Stephen Schwartz', '8039025323', 'sean40@yahoo.com', 'Seanshire'),
(394, 'Brenda Alexander', '(666)297-0029', 'marcmartinez@hotmail.com', 'New Dillonberg'),
(395, 'Melissa Flores', '056.237.1931x65278', 'jennifer40@williams-alexander.com', 'Michelleville'),
(396, 'Jacob Peterson', '018-928-3346', 'whoward@luna-ruiz.com', 'Lake Isabellaport'),
(397, 'Michael Long', '001-441-651-8961x753', 'tbutler@yahoo.com', 'West James'),
(398, 'Kendra Wright', '001-191-956-4901x904', 'nicholasriley@peters-mcgee.info', 'South Brettbury'),
(399, 'Hannah Hall', '311-995-7960', 'keithwillis@horn.info', 'Petersonburgh'),
(400, 'Noah Nash', '715-403-0960x335', 'vstewart@gmail.com', 'Michaelfurt'),
(401, 'Casey Estes', '001-948-590-3120', 'heatherjohnson@yahoo.com', 'Port Peterton'),
(402, 'Audrey Mooney', '+1-765-904-4353x2092', 'patrickbaird@johnson.com', 'West Martintown'),
(403, 'Tracy Downs', '507.702.3805x929', 'amanda04@hotmail.com', 'Philipbury'),
(404, 'Mark Taylor', '878-981-3121x0939', 'joshuacarr@yahoo.com', 'West Kara'),
(405, 'Mark Sanchez', '940.980.1570x5997', 'loricampbell@galloway.com', 'Greeneshire'),
(406, 'Bethany Fields', '+1-574-371-2995x771', 'shannon47@knight-holmes.com', 'Chelseaburgh'),
(407, 'Derek Williams', '001-206-676-7557', 'coxkyle@gmail.com', 'South Anna'),
(408, 'Melody Farley', '001-144-266-0401x694', 'paul74@hotmail.com', 'New Marissa'),
(409, 'Andrea Kim', '001-447-986-8454x476', 'edward76@hotmail.com', 'Brewerhaven'),
(410, 'Jennifer Shaw', '+1-171-767-7749x5687', 'andrea98@yahoo.com', 'Port Timothyville'),
(411, 'Jill King', '(699)646-3874x39275', 'tabitha59@gmail.com', 'Williamsonmouth'),
(412, 'Tina Wilkins', '+1-587-033-6065', 'jonathanrocha@gmail.com', 'New Ashleyton'),
(413, 'Matthew Harris', '(654)245-0320', 'zedwards@gmail.com', 'New Jennifer'),
(414, 'Katherine Jones', '001-781-010-6799x467', 'kathy88@gutierrez.com', 'East Lisa'),
(415, 'Scott Hale Jr.', '(059)684-8729x7170', 'valerieconner@small-brown.com', 'Maryport'),
(416, 'Kathleen Sawyer', '639-871-6267x22058', 'matthewsanders@alvarez.com', 'New Karaport'),
(417, 'Marc Burns', '001-953-007-4781x646', 'rperez@hotmail.com', 'Lake Douglasview'),
(418, 'Michael Ware', '247-444-9901x920', 'mkelly@gmail.com', 'Knoxmouth'),
(419, 'Emily Golden', '784.090.1978', 'hernandezbriana@price.com', 'North Seanborough'),
(420, 'Anthony Mendez', '1946301487', 'tward@hotmail.com', 'Taylorshire'),
(421, 'James Brooks', '679-590-7089', 'lucasroberto@mendoza.com', 'Lisashire'),
(422, 'Steven Callahan', '6059799404', 'fischerjames@gmail.com', 'West Jeffrey'),
(423, 'Christopher Martin', '+1-040-980-4029x000', 'sharonedwards@nelson.com', 'East Ashley'),
(424, 'Jeremy Adkins', '001-670-740-1567x753', 'danielgibson@hotmail.com', 'Sarahhaven'),
(425, 'Charlotte Hall', '109.547.8341x468', 'linda48@adams-jackson.com', 'Castilloview'),
(426, 'Joshua Williams', '833-077-4048x980', 'petersonricardo@mullins.org', 'East Robertshire'),
(427, 'Thomas Rodriguez', '7703980844', 'qmayo@oneal-salazar.com', 'Lake Saraview'),
(428, 'Justin Smith', '564.956.3854x554', 'tayloramy@brown.com', 'Guzmanmouth'),
(429, 'Ronald Long', '3332822875', 'martin12@carlson.com', 'Annestad'),
(430, 'Stephanie Holmes', '2359827120', 'richardsmith@gmail.com', 'New Don'),
(431, 'Jessica Smith', '939-290-5341', 'josephjimenez@burke-brennan.biz', 'Michaelfort'),
(432, 'Barbara Gomez', '+1-976-494-5850x9832', 'david41@wilson.com', 'Woodsbury'),
(433, 'Joshua Garcia', '+1-840-629-1977x093', 'astokes@gmail.com', 'Carrollhaven'),
(434, 'Michelle Hodges', '(683)447-9832x867', 'heather94@gmail.com', 'West Patricia'),
(435, 'Joshua Young', '(244)920-9064x53802', 'trobinson@keith-serrano.com', 'Lake Mistytown'),
(436, 'Anthony Sanders', '001-040-729-3296x331', 'davisdaniel@hotmail.com', 'Danachester'),
(437, 'Kerri Johnson', '(330)335-8546x9024', 'danielleschneider@hotmail.com', 'Lake Cherylland'),
(438, 'Christopher Morrison', '+1-878-628-8456x860', 'garnerkelly@pittman-benton.com', 'Lake Belindaside'),
(439, 'Kelly Valentine', '453-697-1262x795', 'milleradam@gmail.com', 'West James'),
(440, 'Morgan Diaz', '411-960-6742x7221', 'bergerbrenda@simpson-alexander.biz', 'Debrabury'),
(441, 'Theresa Fitzgerald', '759-007-5067x1860', 'weavermarc@yahoo.com', 'Lake Peter'),
(442, 'Debra Cross', '+1-521-457-1244x5326', 'austinbrittany@hotmail.com', 'New Kevin'),
(443, 'Juan Hanson', '3601642374', 'joshua25@fuller-soto.net', 'East John'),
(444, 'Brian Williams', '461.812.0370', 'ngarrett@hotmail.com', 'Dawsonfurt'),
(445, 'Dan Cruz', '716-709-4411', 'brianherrera@gmail.com', 'Jillside'),
(446, 'William Reynolds', '+1-557-006-3434x6528', 'csmith@gonzalez.org', 'South David'),
(447, 'Andres Moore', '912-434-5302', 'daniel09@russell-vance.net', 'East Markbury'),
(448, 'Adam Jones', '001-194-416-6097x888', 'frankjames@gomez.com', 'New Andrew'),
(449, 'Stephen Leon', '818.152.4797x01471', 'leslie36@gmail.com', 'Alexandraport'),
(450, 'Allison Saunders', '+1-961-407-6463x609', 'jacobwagner@tucker.com', 'Lake Thomas'),
(451, 'Kayla King', '+1-080-131-0480', 'jamiemelendez@gmail.com', 'Kimberlytown'),
(452, 'Lucas Delgado', '865-589-1500', 'dennis20@hotmail.com', 'Wilsonmouth'),
(453, 'Susan Fisher', '069.655.7546x974', 'lisa85@gordon-hamilton.info', 'Port Dariusborough'),
(454, 'Amy Brown', '001-452-018-5868x810', 'john49@aguirre-ford.com', 'Terrybury'),
(455, 'Katherine Skinner', '+1-951-860-7793x7707', 'tyoung@mccoy.com', 'Jonesberg'),
(456, 'Hannah Diaz', '409-865-8122x738', 'tina54@stevenson-morris.com', 'Lindamouth'),
(457, 'April Hogan', '229-214-2929x44140', 'jbennett@mooney.biz', 'Brittanyland'),
(458, 'Dwayne Stafford', '001-423-082-5605x912', 'johnmurray@yahoo.com', 'New Brian'),
(459, 'David Cole', '728-229-7194', 'taylorlisa@gmail.com', 'Lake Coreyberg'),
(460, 'Jennifer Bowen', '632.847.9191x5471', 'saundersjesus@harris.com', 'Figueroabury'),
(461, 'Andrew Warner', '001-014-282-0040', 'floydjoseph@martin-martinez.com', 'Lopezfurt'),
(462, 'Emily Liu', '001-126-128-2724', 'matthew87@hotmail.com', 'Williamberg'),
(463, 'Kevin Mccarthy', '407.959.9456x8266', 'lhawkins@yahoo.com', 'North Christinaport'),
(464, 'Kathryn Thomas', '3041560185', 'mhawkins@hotmail.com', 'Aprilton'),
(465, 'Christopher Santiago', '(840)159-4268x61970', 'marycook@yahoo.com', 'Beckville'),
(466, 'Fred Vasquez', '+1-127-129-7678x5804', 'vday@leblanc.com', 'Blakefort'),
(467, 'Jacob Woodward', '673-078-4953x357', 'karen36@johnson.biz', 'Kristyhaven'),
(468, 'Rachel Harrison', '605.325.0871', 'elizabethcook@hotmail.com', 'Bishopborough'),
(469, 'Johnny Dyer', '(994)410-5275x263', 'mwood@anderson-collins.com', 'Smithtown'),
(470, 'Emily Moore', '001-338-677-1679', 'hovernon@williams-wright.org', 'Willisburgh'),
(471, 'Bethany Martinez', '872-853-2458', 'rayers@gmail.com', 'Jeanneland'),
(472, 'Joshua Simmons', '001-845-152-5969x921', 'jimmyreid@martinez.com', 'Davidport'),
(473, 'Samuel Richardson', '325-629-7263x31023', 'justincummings@hernandez.com', 'Lake Sherry'),
(474, 'Julie King', '983.957.5511', 'urogers@johnson-armstrong.com', 'Port Ricky'),
(475, 'Crystal Berry', '600-572-7342x128', 'vharris@lopez.com', 'Grahammouth'),
(476, 'Cynthia Harris MD', '+1-668-493-8333x1954', 'rodney16@downs.net', 'Port Kevin'),
(477, 'Robert Stevens', '471.523.9516x618', 'james34@clark.com', 'South Gabriel'),
(478, 'Joseph Petersen', '+1-198-733-4197x6266', 'amanda75@hotmail.com', 'North Tyroneborough'),
(479, 'Thomas Rodriguez', '721-688-0652', 'colton74@nelson.biz', 'South Lisaton'),
(480, 'Christopher Hogan', '849-259-1395', 'coltonwilliams@gmail.com', 'East Elizabeth'),
(481, 'Marilyn Arnold', '353-384-6359x386', 'williamsalexis@mathis.info', 'Knightfort'),
(482, 'Melissa Lindsey', '+1-151-303-2638x1596', 'lawsonjeremy@brown.com', 'Hayestown'),
(483, 'Lonnie Zavala', '162.970.6920x15198', 'zachary95@gmail.com', 'South Michaelburgh'),
(484, 'Evelyn Wilson', '001-407-430-6048', 'hglover@gmail.com', 'Lake Reneehaven'),
(485, 'Diane Miller', '(350)955-5957x14969', 'pcobb@foster.org', 'Lake Erictown'),
(486, 'Carlos Pierce', '+1-059-054-7448', 'delgadoamy@mason-miller.com', 'Port Patrickfort'),
(487, 'Chris Jensen', '026.523.0881x294', 'julianlee@white-moreno.com', 'Sanchezberg'),
(488, 'Diane Stone', '503-951-4544', 'dhoffman@knox.com', 'New Andrewfort'),
(489, 'Dylan Ramirez', '799.333.8531x1365', 'sarahdillon@james.com', 'South Robertside'),
(490, 'Kevin Clark', '(892)688-0711x3358', 'natalie33@wagner-murphy.net', 'Nicoleton'),
(491, 'Emily Hale', '227-239-4924x4870', 'jefferyyu@gmail.com', 'Johnsonton'),
(492, 'Benjamin Gomez', '362.863.2755', 'xhorton@arnold.info', 'South Davidmouth'),
(493, 'Brenda Hernandez', '841.523.5142x2677', 'denisereeves@johnson.org', 'New James'),
(494, 'Sarah Foster', '270.780.0180x7381', 'browncarrie@gmail.com', 'West Victoria'),
(495, 'Kevin Davis', '+1-152-316-5300', 'andersonpaul@hotmail.com', 'Richardshire'),
(496, 'Amber Conner', '(579)575-0820', 'bradley10@yahoo.com', 'North Waynetown'),
(497, 'Melissa Dickerson', '4514774890', 'kimberlymartinez@gmail.com', 'Port Angela'),
(498, 'Tara Brown', '+1-273-060-4999x5749', 'kellyhoward@carpenter-martinez.net', 'North Richard'),
(499, 'Shelly Brown', '001-607-745-7090x976', 'jowens@simmons-crawford.info', 'South Jillfort'),
(500, 'Kristin Wong', '+1-617-669-2989x6232', 'samanthahayes@houston.com', 'Williammouth');

-- --------------------------------------------------------

--
-- Table structure for table `orders`
--

CREATE TABLE `orders` (
  `order_id` int NOT NULL,
  `customer_id` int NOT NULL,
  `order_date` datetime DEFAULT CURRENT_TIMESTAMP,
  `total_amount` decimal(10,2) DEFAULT NULL
) ENGINE=InnoDB DEFAULT CHARSET=utf8mb4 COLLATE=utf8mb4_0900_ai_ci;

--
-- Dumping data for table `orders`
--

INSERT INTO `orders` (`order_id`, `customer_id`, `order_date`, `total_amount`) VALUES
(1, 296, '2025-03-17 18:06:14', 8562.50),
(2, 351, '2025-03-20 09:41:57', 4396.32),
(3, 305, '2025-04-02 22:18:36', 3107.58),
(4, 98, '2025-11-21 07:28:42', 2591.88),
(5, 251, '2025-05-09 19:59:24', 10925.74),
(6, 317, '2025-10-31 01:57:48', 7172.20),
(7, 94, '2025-07-19 18:38:25', 8664.71),
(8, 446, '2025-11-28 02:05:12', 12956.30),
(9, 281, '2025-12-02 05:22:51', 12083.14),
(10, 30, '2025-03-03 20:25:07', 7195.80),
(11, 316, '2025-01-31 09:12:56', 7076.00),
(12, 474, '2025-09-28 18:01:51', 2294.50),
(13, 182, '2025-02-14 21:25:46', 1169.28),
(14, 192, '2025-04-15 13:44:06', 4200.67),
(15, 140, '2025-05-01 20:19:54', 11960.63),
(16, 180, '2025-04-07 21:13:20', 7988.19),
(17, 286, '2025-02-07 04:15:02', 12724.60),
(18, 259, '2025-07-03 11:11:06', 17703.17),
(19, 144, '2025-09-28 10:06:21', 2384.95),
(20, 476, '2025-04-30 23:06:29', 6536.85),
(21, 110, '2025-10-08 14:17:29', 11428.87),
(22, 222, '2024-12-11 15:21:18', 5405.25),
(23, 411, '2025-01-30 16:04:20', 2600.09),
(24, 37, '2025-02-11 16:11:11', 3203.56),
(25, 257, '2024-12-27 02:39:05', 14335.72),
(26, 3, '2025-08-19 15:43:23', 8434.44),
(27, 424, '2025-07-24 11:43:24', 7668.01),
(28, 91, '2025-01-22 07:37:12', 11596.27),
(29, 307, '2025-03-28 03:44:24', 9979.20),
(30, 360, '2025-10-05 01:50:46', 5348.04),
(31, 490, '2025-10-28 22:32:25', 2604.89),
(32, 66, '2024-12-11 06:59:29', 14610.97),
(33, 460, '2025-06-16 19:54:48', 694.77),
(34, 216, '2025-08-16 05:07:14', 7264.05),
(35, 374, '2025-02-14 17:28:38', 9473.55),
(36, 404, '2025-04-28 01:55:08', 2821.52),
(37, 498, '2025-09-25 20:02:09', 2489.05),
(38, 107, '2024-12-04 06:44:03', 14329.42),
(39, 446, '2025-08-16 22:14:49', 8428.29),
(40, 163, '2025-05-30 16:10:17', 4408.31),
(41, 393, '2025-09-25 14:09:21', 6260.99),
(42, 39, '2025-07-09 15:51:54', 8006.93),
(43, 112, '2025-05-08 20:03:37', 987.92),
(44, 446, '2025-08-08 18:11:54', 5148.01),
(45, 175, '2025-05-15 18:05:37', 9244.70),
(46, 251, '2025-07-01 13:57:32', 5143.04),
(47, 308, '2024-12-26 00:41:28', 14489.31),
(48, 258, '2025-08-18 12:47:13', 5229.42),
(49, 421, '2025-03-09 22:29:20', 12798.24),
(50, 329, '2025-03-26 16:28:41', 1281.05),
(51, 323, '2025-04-27 01:40:09', 6593.84),
(52, 500, '2025-07-31 21:08:44', 7594.81),
(53, 264, '2025-03-18 16:03:44', 11660.75),
(54, 482, '2025-03-04 23:03:35', 4870.97),
(55, 223, '2025-01-09 03:53:28', 13059.32),
(56, 120, '2025-01-09 21:56:34', 3525.88),
(57, 445, '2025-09-13 01:42:44', 3020.19),
(58, 19, '2025-06-09 12:45:48', 3871.37),
(59, 25, '2025-10-06 03:08:22', 6502.60),
(60, 224, '2025-07-28 12:50:26', 4886.05),
(61, 202, '2025-09-25 23:13:03', 9452.85),
(62, 198, '2025-08-09 22:27:10', 11635.83),
(63, 83, '2025-05-03 11:44:56', 8420.80),
(64, 198, '2025-08-29 16:36:29', 5923.58),
(65, 155, '2025-07-08 11:03:32', 10980.80),
(66, 191, '2025-01-15 20:09:41', 11785.17),
(67, 1, '2024-12-07 12:48:05', 9191.67),
(68, 100, '2025-11-04 17:21:01', 3434.91),
(69, 191, '2025-11-06 08:10:59', 1047.96),
(70, 267, '2025-10-15 21:36:55', 1203.42),
(71, 337, '2025-02-28 23:33:26', 3886.38),
(72, 151, '2025-05-16 04:18:45', 5594.85),
(73, 374, '2025-03-23 08:22:20', 12894.85),
(74, 62, '2024-12-17 08:48:43', 11367.20),
(75, 475, '2025-08-20 19:58:58', 9686.89),
(76, 310, '2024-12-20 04:41:02', 5387.37),
(77, 383, '2024-12-04 20:04:40', 7999.15),
(78, 318, '2025-01-03 14:09:48', 3834.15),
(79, 222, '2025-11-13 22:49:08', 3948.34),
(80, 474, '2025-03-28 02:55:53', 6013.43),
(81, 450, '2025-01-20 08:19:14', 1419.96),
(82, 200, '2025-10-07 03:07:09', 5385.23),
(83, 204, '2025-06-03 12:52:35', 8633.86),
(84, 359, '2025-02-28 22:07:52', 1678.60),
(85, 113, '2025-11-17 17:21:25', 16816.99),
(86, 159, '2025-10-02 07:05:17', 870.88),
(87, 121, '2025-11-21 11:07:42', 3454.48),
(88, 441, '2025-01-27 13:06:37', 13013.30),
(89, 437, '2025-05-22 20:23:09', 454.57),
(90, 116, '2024-12-13 05:20:10', 3668.86),
(91, 57, '2025-09-03 16:07:14', 2484.76),
(92, 466, '2024-12-13 15:12:06', 7270.65),
(93, 356, '2025-09-30 11:26:38', 3603.06),
(94, 464, '2025-06-27 03:42:57', 8768.77),
(95, 13, '2025-10-24 02:52:10', 8353.00),
(96, 136, '2024-12-17 08:17:58', 2397.18),
(97, 468, '2024-12-15 08:29:53', 17244.36),
(98, 7, '2025-06-07 02:32:40', 2565.22),
(99, 494, '2025-07-29 09:22:02', 5782.22),
(100, 71, '2025-04-05 22:22:30', 12689.80),
(101, 492, '2025-04-23 17:41:12', 9719.12),
(102, 182, '2025-06-13 18:36:45', 4751.72),
(103, 487, '2025-10-13 13:35:13', 4366.75),
(104, 229, '2025-11-10 05:41:16', 938.52),
(105, 415, '2025-03-29 05:58:57', 4185.96),
(106, 234, '2025-04-28 17:44:54', 5182.25),
(107, 382, '2025-01-29 05:06:18', 3006.33),
(108, 408, '2025-07-16 07:15:26', 2525.56),
(109, 197, '2025-09-13 02:36:19', 11104.63),
(110, 74, '2024-12-12 20:19:32', 13884.52),
(111, 301, '2025-02-16 18:50:17', 6120.59),
(112, 107, '2025-09-03 01:49:04', 13161.74),
(113, 492, '2025-09-17 09:50:09', 10836.54),
(114, 373, '2025-10-13 15:15:46', 8434.90),
(115, 315, '2025-09-23 06:12:18', 14322.65),
(116, 382, '2024-12-26 14:28:47', 5688.15),
(117, 416, '2025-07-24 18:45:58', 6540.30),
(118, 139, '2025-11-28 07:20:48', 8014.53),
(119, 191, '2025-06-19 03:50:19', 11642.10),
(120, 146, '2025-05-31 17:50:22', 5873.12),
(121, 192, '2025-11-09 00:34:31', 642.14),
(122, 254, '2025-05-29 19:04:21', 6291.75),
(123, 243, '2025-02-02 13:12:25', 6391.03),
(124, 217, '2024-12-17 11:24:50', 6627.56),
(125, 434, '2024-12-08 10:18:26', 6893.58),
(126, 230, '2025-02-08 08:05:27', 391.28),
(127, 289, '2025-01-22 12:11:24', 3532.80),
(128, 491, '2025-10-30 23:13:16', 11346.36),
(129, 302, '2025-01-09 05:18:16', 11107.54),
(130, 461, '2025-12-03 07:11:11', 12343.44),
(131, 57, '2025-07-27 07:58:19', 5335.40),
(132, 220, '2025-10-16 11:34:40', 9625.83),
(133, 308, '2025-03-07 07:51:43', 2450.07),
(134, 388, '2025-04-14 16:02:18', 9291.03),
(135, 194, '2025-11-03 07:46:26', 3297.67),
(136, 116, '2025-08-10 08:11:22', 9897.39),
(137, 276, '2025-04-08 20:40:52', 10861.29),
(138, 157, '2025-02-16 01:44:22', 6887.47),
(139, 278, '2025-05-15 00:22:51', 4334.34),
(140, 7, '2025-11-27 02:50:32', 11327.09),
(141, 194, '2025-02-18 09:58:00', 1455.08),
(142, 263, '2025-04-24 21:19:31', 1632.36),
(143, 20, '2025-01-24 15:47:35', 16147.25),
(144, 485, '2025-11-06 07:17:14', 1350.07),
(145, 274, '2025-06-25 20:02:06', 3232.19),
(146, 288, '2025-06-22 22:01:46', 1661.96),
(147, 483, '2024-12-05 11:30:30', 6307.82),
(148, 273, '2025-09-07 19:57:07', 6566.19),
(149, 271, '2025-08-03 18:06:38', 14760.30),
(150, 55, '2025-08-09 16:32:11', 1253.20),
(151, 493, '2025-08-03 07:20:04', 776.00),
(152, 90, '2025-09-07 15:33:17', 14227.67),
(153, 166, '2025-03-25 05:13:51', 17132.31),
(154, 329, '2025-02-12 12:38:26', 13528.05),
(155, 33, '2025-02-21 12:35:33', 1456.54),
(156, 176, '2025-08-29 19:09:34', 758.20),
(157, 8, '2025-01-22 09:20:59', 1973.86),
(158, 198, '2025-11-06 23:32:44', 9592.52),
(159, 364, '2025-04-16 06:04:12', 3613.20),
(160, 328, '2025-03-11 04:27:10', 1219.95),
(161, 446, '2025-06-07 08:15:25', 7124.38),
(162, 313, '2025-09-29 20:14:54', 5027.75),
(163, 458, '2025-08-05 14:25:14', 10855.10),
(164, 376, '2025-06-20 05:15:07', 7206.56),
(165, 84, '2025-03-16 14:20:04', 6263.36),
(166, 12, '2025-06-14 20:05:59', 10078.69),
(167, 237, '2025-07-26 13:27:15', 12604.58),
(168, 437, '2025-04-04 21:40:45', 2229.70),
(169, 383, '2025-06-29 00:45:00', 9922.87),
(170, 39, '2025-10-15 21:07:59', 14620.40),
(171, 33, '2024-12-13 05:49:37', 2883.78),
(172, 442, '2025-11-25 17:32:58', 16535.07),
(173, 329, '2025-06-04 09:36:43', 272.65),
(174, 479, '2025-07-30 04:52:17', 5827.09),
(175, 416, '2025-07-21 15:39:22', 3684.03),
(176, 303, '2025-10-15 17:05:33', 2995.05),
(177, 413, '2025-06-11 14:02:57', 6553.38),
(178, 273, '2024-12-19 10:13:53', 7168.65),
(179, 342, '2025-03-13 15:09:44', 1313.30),
(180, 210, '2025-09-21 02:36:29', 2973.20),
(181, 68, '2025-08-29 07:49:17', 4792.83),
(182, 367, '2025-04-26 12:52:28', 5099.70),
(183, 165, '2025-07-08 23:24:47', 2822.44),
(184, 230, '2025-05-17 23:38:25', 3074.44),
(185, 355, '2025-02-15 12:59:09', 15167.87),
(186, 332, '2025-05-03 02:07:57', 13833.11),
(187, 288, '2024-12-30 01:28:02', 3379.00),
(188, 72, '2025-07-05 20:10:42', 22403.89),
(189, 462, '2025-07-10 03:07:20', 1471.87),
(190, 81, '2025-02-15 01:06:21', 5027.82),
(191, 181, '2025-10-14 20:48:53', 10869.99),
(192, 448, '2024-12-28 16:17:37', 1506.55),
(193, 427, '2025-05-07 00:24:18', 10664.43),
(194, 256, '2025-02-02 04:01:54', 2453.79),
(195, 35, '2025-04-22 11:57:24', 3371.65),
(196, 151, '2025-03-26 03:54:27', 14103.79),
(197, 210, '2025-02-17 21:57:12', 6694.42),
(198, 152, '2025-08-27 07:02:59', 17779.17),
(199, 325, '2025-09-06 10:31:34', 13066.50),
(200, 92, '2025-04-07 19:45:53', 1924.44),
(201, 455, '2025-11-20 07:24:24', 6308.88),
(202, 430, '2025-06-17 01:49:56', 3059.01),
(203, 171, '2024-12-22 10:11:18', 11957.01),
(204, 209, '2025-04-08 07:29:22', 12674.57),
(205, 296, '2025-03-29 08:29:54', 11932.69),
(206, 354, '2025-07-18 12:01:25', 2425.65),
(207, 330, '2025-11-10 09:54:02', 15265.56),
(208, 326, '2025-07-04 03:24:24', 587.03),
(209, 368, '2025-04-09 08:21:08', 2390.86),
(210, 352, '2025-01-03 11:03:57', 6555.42),
(211, 388, '2025-09-24 23:43:28', 1897.56),
(212, 328, '2025-07-20 04:41:12', 7614.03),
(213, 235, '2025-03-22 06:20:45', 1397.01),
(214, 239, '2025-03-14 23:15:58', 6333.65),
(215, 205, '2024-12-23 10:02:19', 5126.14),
(216, 323, '2025-02-27 17:47:24', 469.19),
(217, 117, '2025-01-01 01:00:26', 2206.04),
(218, 43, '2025-02-22 03:16:49', 10076.88),
(219, 124, '2025-01-03 11:54:44', 12908.42),
(220, 252, '2025-10-05 02:55:25', 11488.62),
(221, 282, '2025-03-17 20:52:22', 11141.46),
(222, 296, '2025-08-15 08:18:08', 8040.37),
(223, 123, '2025-06-03 02:22:49', 6309.05),
(224, 289, '2025-10-28 18:45:39', 5509.68),
(225, 25, '2025-01-29 13:26:48', 7442.60),
(226, 235, '2025-02-22 18:48:05', 18113.76),
(227, 318, '2025-06-12 15:12:43', 5750.54),
(228, 315, '2025-06-22 04:50:35', 888.06),
(229, 235, '2025-09-10 04:51:44', 2492.25),
(230, 60, '2025-07-21 07:16:16', 6401.02),
(231, 25, '2025-01-24 15:28:50', 4391.30),
(232, 440, '2025-09-30 14:45:57', 1497.05),
(233, 231, '2025-11-07 00:07:54', 5663.85),
(234, 29, '2025-05-14 12:47:21', 1342.36),
(235, 212, '2025-04-08 11:51:54', 6845.51),
(236, 235, '2025-07-09 15:37:07', 8770.10),
(237, 88, '2025-10-25 01:44:35', 8438.45),
(238, 230, '2025-08-10 03:12:40', 18157.79),
(239, 124, '2025-03-06 21:09:40', 3402.92),
(240, 31, '2025-10-07 04:39:32', 7712.83),
(241, 333, '2025-11-16 15:43:20', 2416.66),
(242, 96, '2025-03-28 13:30:24', 8959.06),
(243, 257, '2025-04-12 02:28:10', 10339.09),
(244, 450, '2025-04-22 07:39:31', 1242.49),
(245, 42, '2025-10-25 07:27:52', 11850.50),
(246, 173, '2025-07-26 23:56:39', 9616.40),
(247, 447, '2025-06-20 12:39:40', 4036.42),
(248, 97, '2025-05-22 09:58:07', 6537.76),
(249, 323, '2025-10-19 08:40:56', 5590.08),
(250, 199, '2025-07-10 07:01:14', 12502.74),
(251, 439, '2025-08-17 23:17:57', 208.10),
(252, 255, '2025-07-29 19:38:23', 8737.12),
(253, 213, '2025-08-30 19:33:10', 11364.66),
(254, 326, '2025-09-24 09:25:30', 2707.40),
(255, 171, '2025-09-17 19:30:15', 5277.01),
(256, 275, '2025-04-20 16:51:23', 1188.84),
(257, 461, '2025-06-03 01:53:34', 11097.09),
(258, 423, '2025-03-14 03:42:23', 935.34),
(259, 35, '2025-04-23 22:33:33', 14530.80),
(260, 357, '2025-08-08 09:23:14', 10160.96),
(261, 488, '2025-02-06 20:35:12', 3094.43),
(262, 256, '2024-12-27 22:41:15', 8022.10),
(263, 184, '2024-12-29 17:11:31', 5045.72),
(264, 205, '2025-11-14 03:39:05', 2388.24),
(265, 341, '2025-04-02 02:26:59', 11790.59),
(266, 149, '2025-03-24 03:19:14', 397.49),
(267, 98, '2025-04-14 17:16:23', 6654.13),
(268, 320, '2025-11-14 19:32:02', 10518.38),
(269, 199, '2025-09-22 20:27:26', 7558.53),
(270, 484, '2025-05-31 02:40:16', 354.31),
(271, 278, '2025-02-16 20:02:04', 7073.58),
(272, 339, '2025-01-25 17:33:28', 8134.20),
(273, 190, '2025-03-05 05:11:26', 12216.11),
(274, 26, '2025-05-25 09:25:38', 6637.14),
(275, 88, '2025-03-06 06:08:59', 12269.67),
(276, 270, '2025-10-02 00:48:29', 9469.78),
(277, 277, '2025-03-16 13:06:32', 3519.75),
(278, 336, '2025-09-21 07:29:45', 14607.25),
(279, 152, '2025-05-08 07:18:37', 3648.38),
(280, 493, '2025-04-24 13:25:52', 5958.28),
(281, 384, '2025-03-28 21:33:54', 311.81),
(282, 183, '2025-01-23 07:17:50', 3059.16),
(283, 222, '2024-12-15 04:01:37', 1932.14),
(284, 44, '2024-12-16 07:59:49', 6435.85),
(285, 107, '2025-06-16 15:48:02', 955.23),
(286, 427, '2025-08-22 10:11:57', 946.93),
(287, 298, '2025-05-19 08:59:21', 12344.22),
(288, 148, '2025-10-22 23:48:18', 8383.65),
(289, 43, '2024-12-18 10:39:15', 7590.70),
(290, 317, '2025-09-27 07:02:26', 13737.69),
(291, 304, '2025-02-17 17:50:59', 7577.39),
(292, 205, '2025-05-21 03:41:43', 11046.21),
(293, 476, '2025-03-07 19:54:29', 9259.43),
(294, 397, '2025-02-18 05:19:22', 7609.96),
(295, 221, '2024-12-19 22:58:44', 8552.98),
(296, 365, '2025-05-28 06:53:54', 3101.04),
(297, 383, '2024-12-16 03:46:25', 3347.08),
(298, 372, '2025-11-16 13:58:56', 6584.62),
(299, 273, '2025-10-19 20:32:02', 12721.05),
(300, 378, '2025-04-28 20:18:10', 5247.55),
(301, 417, '2025-11-18 07:09:35', 4539.67),
(302, 315, '2025-09-25 19:44:19', 11357.74),
(303, 355, '2025-08-08 23:50:23', 7629.46),
(304, 227, '2025-07-14 21:00:10', 894.20),
(305, 82, '2025-08-31 03:06:02', 5931.20),
(306, 291, '2025-04-09 02:58:03', 8187.76),
(307, 30, '2025-06-11 10:17:08', 9439.12),
(308, 152, '2025-01-31 11:27:34', 11870.46),
(309, 169, '2025-05-13 20:09:18', 11082.11),
(310, 194, '2025-10-17 23:35:27', 3573.40),
(311, 488, '2025-03-07 23:47:03', 2634.61),
(312, 424, '2025-02-18 05:09:26', 3717.96),
(313, 256, '2025-11-02 21:28:57', 16048.37),
(314, 416, '2025-05-08 23:56:03', 4685.70),
(315, 381, '2025-07-20 00:55:42', 8672.29),
(316, 171, '2025-03-10 16:14:23', 13921.78),
(317, 275, '2024-12-10 04:43:00', 4603.12),
(318, 312, '2025-11-26 23:24:37', 4717.99),
(319, 342, '2025-04-18 02:13:52', 14760.87),
(320, 308, '2025-08-05 13:56:22', 13439.28),
(321, 244, '2025-06-04 01:15:50', 366.96),
(322, 482, '2025-01-16 10:19:05', 6301.90),
(323, 399, '2025-04-13 04:13:33', 3073.57),
(324, 437, '2025-03-07 18:16:52', 12492.50),
(325, 56, '2025-03-27 00:26:25', 10170.35),
(326, 31, '2025-10-22 06:04:51', 5192.20),
(327, 14, '2025-04-10 02:24:11', 12381.76),
(328, 457, '2025-07-23 05:52:32', 16779.93),
(329, 141, '2025-04-18 16:02:45', 2888.80),
(330, 366, '2025-08-16 01:32:23', 4753.16),
(331, 92, '2025-11-17 21:04:22', 13662.33),
(332, 120, '2025-08-31 12:36:27', 9225.35),
(333, 235, '2025-06-04 01:30:30', 4526.04),
(334, 229, '2025-07-21 06:21:33', 15539.12),
(335, 55, '2025-04-11 01:14:54', 7042.87),
(336, 132, '2025-08-24 00:12:20', 6263.37),
(337, 294, '2025-02-18 23:44:01', 1006.14),
(338, 154, '2024-12-29 13:54:53', 388.32),
(339, 17, '2025-11-22 03:20:23', 8230.18),
(340, 174, '2024-12-14 08:56:25', 7948.31),
(341, 59, '2025-02-17 14:20:01', 12967.09),
(342, 257, '2025-07-26 10:54:51', 5982.36),
(343, 347, '2025-10-16 16:11:55', 7596.95),
(344, 120, '2025-06-20 06:12:21', 1506.76),
(345, 142, '2025-07-11 08:12:30', 4731.81),
(346, 312, '2025-10-26 13:58:51', 19933.60),
(347, 483, '2025-08-31 23:23:40', 921.58),
(348, 172, '2025-09-07 08:41:55', 14078.26),
(349, 348, '2025-09-25 03:34:02', 4037.68),
(350, 399, '2025-07-17 14:04:11', 5999.17),
(351, 455, '2024-12-20 18:23:11', 11145.69),
(352, 382, '2025-04-10 15:01:55', 10503.65),
(353, 486, '2025-09-08 13:47:46', 6930.30),
(354, 343, '2025-02-14 08:29:55', 9218.34),
(355, 29, '2025-10-18 16:45:13', 7657.64),
(356, 149, '2025-03-23 18:55:00', 8718.06),
(357, 220, '2025-01-12 00:10:19', 8523.44),
(358, 248, '2024-12-21 01:01:56', 9062.75),
(359, 231, '2025-09-02 00:45:38', 13684.70),
(360, 318, '2025-11-02 04:40:05', 16962.59),
(361, 66, '2025-11-11 15:49:11', 10651.60),
(362, 313, '2025-10-04 03:24:28', 15125.64),
(363, 79, '2025-05-02 07:29:31', 6268.23),
(364, 187, '2025-11-21 13:31:54', 2158.02),
(365, 192, '2025-09-01 22:23:27', 2323.65),
(366, 94, '2025-07-26 18:04:15', 2247.53),
(367, 445, '2025-09-11 05:40:50', 16635.79),
(368, 88, '2025-09-28 01:59:49', 4461.15),
(369, 401, '2025-06-29 01:05:56', 7172.80),
(370, 482, '2025-01-13 13:07:35', 8206.03),
(371, 493, '2025-04-14 10:42:08', 15679.61),
(372, 352, '2025-11-15 06:18:44', 4083.70),
(373, 299, '2025-07-16 11:37:52', 12921.82),
(374, 61, '2025-09-16 16:03:00', 8337.55),
(375, 18, '2025-05-09 09:29:58', 1459.63),
(376, 343, '2025-04-17 02:09:12', 1312.20),
(377, 317, '2025-11-27 14:36:48', 15046.92),
(378, 269, '2025-02-28 19:25:53', 4768.74),
(379, 401, '2025-04-18 16:17:22', 4575.79),
(380, 319, '2025-06-27 03:36:47', 8541.66),
(381, 401, '2025-02-06 04:03:29', 9476.13),
(382, 4, '2025-01-15 03:26:27', 10227.21),
(383, 111, '2025-10-22 05:31:13', 832.36),
(384, 475, '2025-03-25 00:56:49', 6922.50),
(385, 445, '2025-06-07 17:32:51', 7505.87),
(386, 316, '2024-12-13 01:50:27', 7155.34),
(387, 342, '2025-10-11 07:29:45', 10035.30),
(388, 160, '2025-03-18 01:54:31', 11020.85),
(389, 193, '2025-03-01 14:36:41', 12549.79),
(390, 385, '2025-06-30 14:08:43', 9403.41),
(391, 379, '2025-04-29 16:45:56', 11031.41),
(392, 368, '2025-05-22 10:40:51', 5231.00),
(393, 122, '2025-08-20 12:09:29', 13616.78),
(394, 238, '2024-12-17 14:34:04', 2295.60),
(395, 230, '2025-07-17 09:22:07', 5412.69),
(396, 118, '2024-12-04 06:04:21', 12441.10),
(397, 258, '2025-02-13 05:21:47', 931.41),
(398, 173, '2025-02-21 21:30:09', 14256.52),
(399, 194, '2025-10-05 08:11:19', 11516.80),
(400, 172, '2025-07-07 14:23:46', 6863.25),
(401, 281, '2025-01-31 19:20:46', 797.48),
(402, 465, '2025-10-24 23:00:57', 2037.15),
(403, 345, '2025-10-09 13:31:48', 11321.45),
(404, 302, '2025-09-20 08:40:07', 3461.68),
(405, 198, '2025-03-15 06:00:23', 7275.71),
(406, 243, '2025-08-03 17:07:38', 11232.13),
(407, 477, '2025-08-21 04:23:28', 1175.92),
(408, 113, '2025-08-20 16:47:11', 8732.19),
(409, 355, '2025-04-15 17:03:44', 3917.56),
(410, 6, '2025-01-25 02:34:32', 7223.60),
(411, 434, '2025-04-17 01:50:42', 8771.61),
(412, 215, '2025-09-30 00:34:48', 11303.83),
(413, 495, '2025-08-15 11:56:29', 2298.98),
(414, 193, '2025-09-27 19:03:32', 6859.48),
(415, 226, '2025-07-23 07:34:05', 9171.28),
(416, 323, '2024-12-26 19:42:50', 11853.15),
(417, 247, '2025-06-08 16:30:19', 18326.38),
(418, 477, '2025-02-17 06:30:01', 7850.98),
(419, 334, '2025-02-05 18:39:24', 7646.55),
(420, 64, '2025-11-05 23:47:32', 9294.42),
(421, 467, '2025-01-07 06:34:58', 10235.20),
(422, 17, '2025-05-14 21:52:57', 5179.25),
(423, 403, '2025-06-16 09:17:07', 3432.90),
(424, 81, '2025-07-01 17:13:47', 5462.49),
(425, 27, '2025-02-21 21:53:18', 12542.75),
(426, 121, '2025-07-08 01:21:37', 10499.86),
(427, 196, '2025-07-12 02:40:20', 3062.05),
(428, 313, '2025-08-26 15:18:25', 10073.48),
(429, 370, '2025-10-31 08:38:03', 3309.83),
(430, 58, '2025-11-02 09:20:28', 11023.77),
(431, 201, '2025-06-29 19:59:01', 5622.52),
(432, 218, '2025-03-17 20:52:50', 5884.09),
(433, 208, '2025-07-04 01:08:55', 8457.33),
(434, 191, '2025-03-28 05:13:41', 9248.38),
(435, 277, '2025-06-28 07:15:23', 1407.58),
(436, 378, '2025-06-03 13:00:10', 5731.24),
(437, 499, '2025-06-20 11:08:19', 12856.82),
(438, 120, '2025-09-06 14:34:03', 10298.35),
(439, 215, '2025-03-12 14:17:46', 5376.69),
(440, 441, '2025-09-25 16:19:04', 9219.13),
(441, 422, '2025-02-08 12:12:20', 6517.92),
(442, 233, '2025-01-30 11:46:29', 10836.50),
(443, 41, '2025-04-07 23:49:26', 5603.31),
(444, 323, '2025-08-08 23:10:11', 10431.70),
(445, 395, '2025-04-24 13:07:55', 3215.52),
(446, 446, '2025-02-18 18:55:31', 9688.67),
(447, 23, '2025-09-07 09:46:35', 4152.03),
(448, 105, '2025-09-16 18:25:24', 12688.53),
(449, 393, '2025-11-19 05:21:29', 10055.51),
(450, 221, '2025-05-28 04:04:49', 5270.20),
(451, 484, '2025-07-11 12:21:29', 329.79),
(452, 249, '2025-05-27 12:35:44', 17214.84),
(453, 175, '2025-03-07 03:43:54', 5807.36),
(454, 21, '2025-03-14 21:49:32', 6045.71),
(455, 497, '2025-10-16 23:21:04', 16801.15),
(456, 468, '2025-01-24 11:57:04', 11432.05),
(457, 165, '2025-09-28 08:59:11', 13136.42),
(458, 461, '2025-04-20 05:31:09', 6387.46),
(459, 284, '2025-10-31 03:08:53', 871.52),
(460, 43, '2025-04-05 23:10:21', 2810.16),
(461, 411, '2025-02-22 01:01:19', 7598.04),
(462, 82, '2025-03-06 22:24:39', 12932.76),
(463, 232, '2025-01-22 01:58:04', 5434.32),
(464, 385, '2025-11-14 10:53:09', 2120.15),
(465, 93, '2025-05-30 22:04:05', 6962.15),
(466, 381, '2024-12-15 01:17:41', 15925.62),
(467, 111, '2025-01-07 00:24:15', 2885.37),
(468, 83, '2024-12-27 19:55:15', 9251.10),
(469, 213, '2025-05-01 06:42:27', 364.13),
(470, 46, '2025-05-08 13:47:56', 1353.96),
(471, 484, '2025-11-20 13:47:13', 8628.26),
(472, 192, '2025-11-22 16:03:00', 12164.70),
(473, 153, '2024-12-06 13:47:54', 3242.24),
(474, 16, '2025-07-17 14:45:26', 5397.36),
(475, 447, '2025-06-10 08:45:20', 11889.35),
(476, 196, '2025-05-13 10:00:47', 9452.11),
(477, 203, '2025-09-01 04:00:07', 12123.72),
(478, 382, '2025-08-18 15:58:05', 5069.90),
(479, 267, '2025-06-04 12:42:26', 6669.82),
(480, 308, '2024-12-30 22:05:03', 4187.46),
(481, 149, '2024-12-24 02:06:14', 7468.76),
(482, 373, '2025-06-26 05:21:04', 4755.88),
(483, 398, '2025-07-16 22:09:47', 5892.18),
(484, 108, '2025-02-11 13:37:23', 8419.22),
(485, 62, '2025-05-12 02:31:02', 3712.32),
(486, 386, '2025-08-24 14:51:07', 3865.94),
(487, 325, '2025-06-01 00:57:23', 2828.83),
(488, 190, '2025-05-17 16:22:24', 9520.92),
(489, 236, '2025-07-13 06:56:52', 2588.92),
(490, 197, '2025-08-12 08:57:54', 7152.79),
(491, 459, '2025-10-20 13:33:05', 3372.24),
(492, 9, '2024-12-03 08:53:56', 4773.77),
(493, 417, '2025-03-04 21:10:18', 4670.49),
(494, 57, '2025-03-07 14:24:22', 1879.44),
(495, 42, '2025-09-08 10:11:07', 6457.89),
(496, 301, '2024-12-18 03:42:04', 5230.10),
(497, 118, '2025-02-11 05:51:46', 12470.54),
(498, 108, '2025-03-12 22:11:47', 1316.68),
(499, 2, '2025-07-06 04:49:44', 7940.31),
(500, 492, '2025-07-14 00:01:35', 2090.14),
(501, 390, '2025-02-11 11:17:39', 1155.65),
(502, 221, '2024-12-26 05:35:02', 694.88),
(503, 378, '2024-12-22 04:36:00', 11396.68),
(504, 61, '2025-11-01 06:28:43', 14606.36),
(505, 279, '2025-07-27 19:25:12', 14328.73),
(506, 50, '2025-01-07 12:32:17', 13850.15),
(507, 429, '2025-09-13 08:05:06', 12952.15),
(508, 389, '2025-09-05 08:15:54', 13550.22),
(509, 194, '2025-01-11 22:28:04', 206.89),
(510, 46, '2025-04-15 15:35:41', 7793.75),
(511, 123, '2025-09-29 18:06:05', 6914.50),
(512, 4, '2025-09-16 15:50:30', 5593.73),
(513, 304, '2025-08-28 23:08:59', 12870.14),
(514, 402, '2025-03-14 22:14:30', 8901.91),
(515, 352, '2025-05-07 11:36:26', 3989.76),
(516, 116, '2025-04-30 12:35:04', 5662.36),
(517, 140, '2025-04-12 21:45:09', 8293.48),
(518, 195, '2025-08-15 22:37:24', 5128.22),
(519, 153, '2025-02-23 12:03:02', 13581.21),
(520, 459, '2025-02-27 07:48:31', 2371.95),
(521, 432, '2025-04-04 07:21:17', 16621.38),
(522, 319, '2025-06-12 03:53:48', 8090.58),
(523, 168, '2025-03-28 13:40:09', 4625.31),
(524, 123, '2025-06-15 12:39:02', 2169.78),
(525, 399, '2025-09-21 01:43:14', 10994.09),
(526, 314, '2025-08-01 19:09:06', 10442.13),
(527, 97, '2025-11-24 08:05:19', 15042.03),
(528, 221, '2025-06-14 02:54:27', 3578.46),
(529, 172, '2025-08-09 18:41:37', 7942.63),
(530, 432, '2025-09-09 22:26:55', 10061.13),
(531, 63, '2025-09-22 01:17:37', 15860.36),
(532, 275, '2025-04-07 11:26:13', 8880.28),
(533, 191, '2025-11-15 08:45:03', 5351.48),
(534, 500, '2025-01-29 16:52:53', 10043.48),
(535, 415, '2025-11-14 00:57:22', 9101.11),
(536, 86, '2024-12-30 00:55:48', 5999.20),
(537, 327, '2025-09-26 17:00:00', 7868.71),
(538, 383, '2025-10-18 06:05:51', 759.63),
(539, 209, '2025-03-12 14:30:02', 10977.70),
(540, 196, '2025-02-04 04:53:03', 6266.28),
(541, 224, '2024-12-13 16:49:48', 11967.85),
(542, 82, '2025-08-08 05:21:03', 945.64),
(543, 364, '2025-03-19 10:21:45', 11108.23),
(544, 499, '2025-06-16 21:40:13', 13498.51),
(545, 144, '2024-12-26 04:28:49', 14240.51),
(546, 119, '2025-11-27 03:53:27', 12337.81),
(547, 40, '2025-02-26 09:50:43', 2061.74),
(548, 143, '2024-12-16 04:19:42', 13866.87),
(549, 485, '2025-03-01 23:19:59', 8948.40),
(550, 407, '2025-06-11 05:55:06', 11611.54),
(551, 477, '2025-07-02 20:20:54', 9381.03),
(552, 494, '2025-11-07 10:25:43', 1888.44),
(553, 344, '2025-04-10 04:42:28', 2099.64),
(554, 430, '2025-04-29 12:45:15', 8169.78),
(555, 343, '2025-10-01 17:35:07', 9136.12),
(556, 271, '2025-08-18 11:10:35', 3590.92),
(557, 386, '2025-09-16 08:05:17', 807.60),
(558, 463, '2025-10-18 20:02:12', 2086.15),
(559, 142, '2025-03-13 05:16:59', 1599.72),
(560, 6, '2025-10-04 05:42:34', 4239.57),
(561, 411, '2025-11-01 02:03:41', 3066.96),
(562, 311, '2025-03-15 17:08:11', 2519.74),
(563, 82, '2025-03-12 06:07:24', 10820.29),
(564, 424, '2025-08-27 20:23:10', 7017.83),
(565, 65, '2025-02-27 18:32:11', 14813.73),
(566, 162, '2025-01-01 06:12:33', 698.96),
(567, 155, '2025-09-13 15:22:35', 5778.38),
(568, 406, '2025-03-22 13:48:23', 7100.74),
(569, 353, '2025-06-15 00:39:45', 15694.61),
(570, 131, '2025-05-15 18:49:40', 13395.75),
(571, 356, '2025-01-30 07:40:56', 10509.08),
(572, 362, '2025-11-23 08:31:51', 6061.62),
(573, 127, '2025-10-04 17:48:46', 7977.56),
(574, 297, '2025-08-01 05:54:56', 3706.15),
(575, 15, '2025-11-06 08:58:24', 3046.20),
(576, 44, '2025-10-11 01:30:04', 6891.64),
(577, 300, '2025-03-08 10:25:38', 15119.77),
(578, 28, '2025-10-14 08:41:30', 4975.08),
(579, 477, '2025-03-04 04:19:58', 3523.71),
(580, 404, '2025-01-31 19:19:56', 14368.90),
(581, 445, '2025-06-11 23:08:07', 14839.56),
(582, 226, '2024-12-06 23:10:34', 9346.62),
(583, 26, '2025-08-24 20:56:59', 405.67),
(584, 65, '2025-05-20 02:25:34', 1616.02),
(585, 383, '2025-11-28 18:59:37', 13183.75),
(586, 382, '2025-05-14 09:10:59', 10085.81),
(587, 235, '2025-07-08 16:38:45', 17734.86),
(588, 258, '2025-06-23 15:52:27', 2214.45),
(589, 286, '2025-03-21 02:45:11', 2786.72),
(590, 316, '2025-01-21 09:06:27', 1913.40),
(591, 494, '2024-12-16 07:21:21', 5631.68),
(592, 23, '2025-08-26 09:24:46', 9507.16),
(593, 87, '2025-03-09 07:54:57', 12422.77),
(594, 294, '2025-07-16 13:28:21', 6205.71),
(595, 168, '2025-10-08 23:15:00', 11532.14),
(596, 349, '2025-01-30 14:20:10', 1871.94),
(597, 417, '2025-08-01 14:39:29', 1018.74),
(598, 30, '2025-03-21 17:57:19', 3635.47),
(599, 450, '2024-12-06 14:13:50', 7414.56),
(600, 453, '2024-12-10 08:33:38', 4847.78);

-- --------------------------------------------------------

--
-- Table structure for table `order_items`
--

CREATE TABLE `order_items` (
  `order_item_id` int NOT NULL,
  `order_id` int NOT NULL,
  `product_id` int NOT NULL,
  `quantity` int NOT NULL,
  `price_each` decimal(10,2) NOT NULL
) ENGINE=InnoDB DEFAULT CHARSET=utf8mb4 COLLATE=utf8mb4_0900_ai_ci;

--
-- Dumping data for table `order_items`
--

INSERT INTO `order_items` (`order_item_id`, `order_id`, `product_id`, `quantity`, `price_each`) VALUES
(1, 1, 405, 3, 491.04),
(2, 1, 248, 1, 309.51),
(3, 1, 404, 4, 502.19),
(4, 1, 110, 3, 1465.71),
(5, 1, 276, 1, 373.98),
(6, 2, 491, 1, 901.40),
(7, 2, 483, 4, 873.73),
(8, 3, 34, 5, 562.67),
(9, 3, 219, 1, 294.23),
(10, 4, 9, 3, 518.00),
(11, 4, 351, 2, 518.94),
(12, 5, 462, 2, 478.39),
(13, 5, 454, 1, 1381.98),
(14, 5, 255, 4, 1177.04),
(15, 5, 259, 3, 1292.94),
(16, 6, 55, 1, 1263.44),
(17, 6, 134, 1, 497.16),
(18, 6, 295, 5, 949.70),
(19, 6, 350, 1, 663.10),
(20, 7, 385, 5, 208.33),
(21, 7, 56, 5, 784.51),
(22, 7, 223, 3, 463.17),
(23, 7, 225, 1, 473.20),
(24, 7, 105, 5, 367.56),
(25, 8, 107, 2, 1322.23),
(26, 8, 152, 5, 771.88),
(27, 8, 281, 4, 290.07),
(28, 8, 80, 3, 560.60),
(29, 8, 311, 4, 902.59),
(30, 9, 239, 1, 445.75),
(31, 9, 212, 2, 803.03),
(32, 9, 155, 2, 1036.92),
(33, 9, 489, 4, 1487.18),
(34, 9, 362, 3, 669.59),
(35, 10, 277, 1, 901.97),
(36, 10, 164, 3, 923.07),
(37, 10, 47, 5, 405.29),
(38, 10, 89, 3, 499.39),
(39, 11, 35, 5, 1415.20),
(40, 12, 72, 2, 1147.25),
(41, 13, 295, 3, 389.76),
(42, 14, 378, 1, 446.35),
(43, 14, 352, 4, 938.58),
(44, 15, 136, 1, 367.05),
(45, 15, 157, 5, 817.56),
(46, 15, 250, 4, 1463.53),
(47, 15, 165, 2, 825.83),
(48, 16, 348, 1, 943.93),
(49, 16, 319, 2, 678.91),
(50, 16, 334, 3, 523.47),
(51, 16, 64, 3, 1372.01),
(52, 17, 9, 4, 1285.03),
(53, 17, 393, 1, 354.20),
(54, 17, 152, 5, 991.94),
(55, 17, 391, 2, 661.26),
(56, 17, 261, 1, 948.06),
(57, 18, 7, 5, 987.45),
(58, 18, 125, 5, 645.83),
(59, 18, 332, 5, 1162.24),
(60, 18, 485, 5, 643.69),
(61, 18, 53, 1, 507.12),
(62, 19, 55, 1, 1149.50),
(63, 19, 103, 1, 764.94),
(64, 19, 402, 1, 470.51),
(65, 20, 2, 3, 1015.61),
(66, 20, 172, 3, 1163.34),
(67, 21, 397, 2, 409.06),
(68, 21, 113, 3, 1038.92),
(69, 21, 278, 3, 1282.50),
(70, 21, 125, 2, 529.17),
(71, 21, 433, 5, 517.63),
(72, 22, 15, 2, 653.40),
(73, 22, 431, 1, 377.19),
(74, 22, 249, 1, 339.01),
(75, 22, 146, 5, 676.45),
(76, 23, 478, 2, 1082.36),
(77, 23, 263, 1, 435.37),
(78, 24, 82, 4, 800.89),
(79, 25, 68, 2, 366.01),
(80, 25, 233, 5, 1482.95),
(81, 25, 118, 5, 1061.19),
(82, 25, 106, 2, 441.50),
(83, 26, 398, 4, 226.63),
(84, 26, 212, 4, 1488.55),
(85, 26, 237, 4, 393.43),
(86, 27, 123, 1, 439.17),
(87, 27, 212, 3, 1458.52),
(88, 27, 453, 4, 713.32),
(89, 28, 483, 4, 1102.96),
(90, 28, 319, 2, 683.25),
(91, 28, 373, 1, 980.58),
(92, 28, 255, 3, 1188.16),
(93, 28, 45, 3, 424.29),
(94, 29, 117, 1, 729.75),
(95, 29, 22, 1, 1148.52),
(96, 29, 256, 4, 454.51),
(97, 29, 189, 3, 208.88),
(98, 29, 76, 5, 1131.25),
(99, 30, 243, 3, 802.70),
(100, 30, 213, 5, 336.30),
(101, 30, 258, 2, 629.22),
(102, 31, 252, 1, 640.43),
(103, 31, 214, 3, 654.82),
(104, 32, 140, 2, 299.57),
(105, 32, 193, 3, 453.55),
(106, 32, 235, 3, 1430.62),
(107, 32, 443, 4, 1343.08),
(108, 32, 134, 4, 746.75),
(109, 33, 462, 3, 231.59),
(110, 34, 18, 5, 1452.81),
(111, 35, 30, 5, 526.79),
(112, 35, 302, 2, 980.96),
(113, 35, 147, 4, 1050.17),
(114, 35, 271, 2, 338.50),
(115, 36, 179, 3, 316.12),
(116, 36, 449, 2, 470.40),
(117, 36, 312, 4, 233.09),
(118, 37, 367, 3, 282.50),
(119, 37, 397, 5, 328.31),
(120, 38, 457, 2, 835.71),
(121, 38, 351, 4, 515.82),
(122, 38, 91, 4, 1398.47),
(123, 38, 16, 2, 1306.22),
(124, 38, 79, 2, 1194.20),
(125, 39, 125, 1, 466.41),
(126, 39, 193, 5, 726.42),
(127, 39, 383, 2, 381.53),
(128, 39, 499, 2, 1435.17),
(129, 39, 407, 2, 348.19),
(130, 40, 108, 1, 254.99),
(131, 40, 17, 3, 1384.44),
(132, 41, 414, 4, 455.87),
(133, 41, 62, 2, 233.22),
(134, 41, 444, 1, 1284.48),
(135, 41, 490, 3, 825.94),
(136, 41, 400, 1, 208.77),
(137, 42, 156, 2, 793.46),
(138, 42, 434, 4, 1220.49),
(139, 42, 402, 1, 618.35),
(140, 42, 187, 1, 919.70),
(141, 43, 433, 2, 493.96),
(142, 44, 321, 1, 268.14),
(143, 44, 425, 3, 527.29),
(144, 44, 120, 1, 714.52),
(145, 44, 281, 2, 1291.74),
(146, 45, 104, 1, 1359.30),
(147, 45, 248, 1, 399.94),
(148, 45, 80, 4, 680.49),
(149, 45, 340, 5, 952.70),
(150, 46, 417, 4, 1285.76),
(151, 47, 149, 4, 1144.92),
(152, 47, 418, 2, 1299.35),
(153, 47, 215, 1, 668.88),
(154, 47, 90, 5, 1090.14),
(155, 47, 243, 1, 1191.35),
(156, 48, 231, 3, 1213.82),
(157, 48, 351, 3, 529.32),
(158, 49, 347, 2, 537.02),
(159, 49, 311, 4, 807.79),
(160, 49, 120, 4, 1382.44),
(161, 49, 174, 2, 386.66),
(162, 49, 49, 2, 1094.98),
(163, 50, 178, 1, 1281.05),
(164, 51, 270, 4, 332.73),
(165, 51, 9, 1, 706.28),
(166, 51, 111, 4, 917.00),
(167, 51, 52, 2, 444.32),
(168, 52, 286, 3, 972.16),
(169, 52, 300, 3, 860.59),
(170, 52, 69, 4, 524.14),
(171, 53, 62, 1, 304.45),
(172, 53, 137, 5, 899.76),
(173, 53, 377, 5, 966.67),
(174, 53, 278, 1, 586.97),
(175, 53, 350, 1, 1437.18),
(176, 54, 84, 2, 699.39),
(177, 54, 498, 5, 233.33),
(178, 54, 461, 2, 1152.77),
(179, 55, 173, 2, 1135.21),
(180, 55, 65, 4, 866.39),
(181, 55, 133, 3, 1178.33),
(182, 55, 21, 1, 984.59),
(183, 55, 294, 4, 700.94),
(184, 56, 178, 2, 280.12),
(185, 56, 394, 2, 1482.82),
(186, 57, 408, 3, 1006.73),
(187, 58, 232, 1, 1236.13),
(188, 58, 391, 4, 658.81),
(189, 59, 287, 5, 1300.52),
(190, 60, 355, 4, 580.18),
(191, 60, 253, 3, 434.04),
(192, 60, 486, 1, 1263.21),
(193, 61, 490, 5, 626.15),
(194, 61, 499, 4, 649.20),
(195, 61, 135, 5, 430.56),
(196, 61, 167, 2, 786.25),
(197, 62, 238, 3, 1482.08),
(198, 62, 234, 4, 368.78),
(199, 62, 375, 3, 976.83),
(200, 62, 405, 2, 1391.99),
(201, 63, 264, 1, 1315.32),
(202, 63, 201, 5, 650.08),
(203, 63, 146, 2, 311.17),
(204, 63, 104, 3, 1077.58),
(205, 64, 394, 5, 730.36),
(206, 64, 197, 3, 757.26),
(207, 65, 258, 2, 880.89),
(208, 65, 327, 4, 330.31),
(209, 65, 265, 1, 493.64),
(210, 65, 46, 3, 1344.70),
(211, 65, 478, 4, 842.51),
(212, 66, 51, 4, 728.91),
(213, 66, 371, 3, 1223.35),
(214, 66, 155, 2, 1058.06),
(215, 66, 492, 2, 925.88),
(216, 66, 220, 2, 615.80),
(217, 67, 399, 2, 1210.91),
(218, 67, 208, 5, 1353.97),
(219, 68, 421, 3, 1144.97),
(220, 69, 40, 3, 349.32),
(221, 70, 35, 1, 1203.42),
(222, 71, 3, 3, 900.82),
(223, 71, 10, 3, 394.64),
(224, 72, 416, 3, 835.70),
(225, 72, 438, 3, 1029.25),
(226, 73, 284, 5, 470.77),
(227, 73, 395, 1, 1393.31),
(228, 73, 330, 4, 581.01),
(229, 73, 2, 5, 1364.73),
(230, 74, 106, 5, 1316.87),
(231, 74, 445, 1, 886.65),
(232, 74, 169, 2, 626.96),
(233, 74, 396, 4, 504.92),
(234, 74, 411, 2, 311.30),
(235, 75, 284, 2, 1258.72),
(236, 75, 238, 2, 662.73),
(237, 75, 101, 2, 602.72),
(238, 75, 392, 1, 220.00),
(239, 75, 425, 3, 1472.85),
(240, 76, 83, 1, 1356.29),
(241, 76, 32, 2, 1178.02),
(242, 76, 349, 2, 837.52),
(243, 77, 490, 2, 661.40),
(244, 77, 71, 5, 1335.27),
(245, 78, 119, 3, 1278.05),
(246, 79, 347, 1, 1238.34),
(247, 79, 431, 2, 1355.00),
(248, 80, 68, 2, 420.84),
(249, 80, 33, 1, 819.89),
(250, 80, 463, 2, 208.26),
(251, 80, 238, 3, 1311.78),
(252, 81, 103, 3, 473.32),
(253, 82, 305, 4, 786.54),
(254, 82, 45, 1, 676.42),
(255, 82, 416, 5, 312.53),
(256, 83, 114, 2, 1351.98),
(257, 83, 163, 2, 478.13),
(258, 83, 293, 5, 526.73),
(259, 83, 185, 1, 1145.49),
(260, 83, 421, 2, 597.25),
(261, 84, 400, 2, 478.81),
(262, 84, 380, 1, 720.98),
(263, 85, 156, 2, 1030.50),
(264, 85, 428, 4, 1482.20),
(265, 85, 196, 2, 1300.12),
(266, 85, 6, 5, 1245.39),
(267, 86, 358, 4, 217.72),
(268, 87, 123, 4, 863.62),
(269, 88, 93, 5, 856.50),
(270, 88, 418, 4, 425.06),
(271, 88, 166, 4, 1415.71),
(272, 88, 203, 2, 683.86),
(273, 89, 493, 1, 454.57),
(274, 90, 16, 2, 551.56),
(275, 90, 180, 2, 1282.87),
(276, 91, 251, 4, 621.19),
(277, 92, 12, 3, 711.45),
(278, 92, 79, 4, 910.86),
(279, 92, 443, 1, 1492.86),
(280, 93, 230, 3, 1201.02),
(281, 94, 139, 1, 364.17),
(282, 94, 89, 5, 963.40),
(283, 94, 38, 4, 896.90),
(284, 95, 238, 4, 1045.92),
(285, 95, 336, 3, 703.53),
(286, 95, 347, 2, 436.55),
(287, 95, 138, 1, 1185.63),
(288, 96, 400, 3, 799.06),
(289, 97, 410, 2, 1484.34),
(290, 97, 419, 3, 718.54),
(291, 97, 460, 5, 918.70),
(292, 97, 296, 5, 1253.02),
(293, 97, 272, 1, 1261.46),
(294, 98, 87, 2, 1282.61),
(295, 99, 481, 5, 217.36),
(296, 99, 165, 3, 307.79),
(297, 99, 440, 3, 1257.35),
(298, 100, 155, 4, 890.43),
(299, 100, 91, 5, 1347.78),
(300, 100, 342, 2, 1194.59),
(301, 101, 385, 3, 895.29),
(302, 101, 122, 5, 1406.65),
(303, 102, 59, 3, 218.74),
(304, 102, 78, 2, 295.33),
(305, 102, 84, 3, 1168.28),
(306, 103, 100, 5, 527.79),
(307, 103, 297, 2, 700.48),
(308, 103, 88, 1, 326.84),
(309, 104, 427, 1, 938.52),
(310, 105, 73, 4, 1046.49),
(311, 106, 358, 4, 444.48),
(312, 106, 88, 4, 605.44),
(313, 106, 53, 1, 982.57),
(314, 107, 272, 2, 1038.03),
(315, 107, 316, 1, 930.27),
(316, 108, 253, 1, 827.90),
(317, 108, 276, 2, 848.83),
(318, 109, 64, 1, 1299.73),
(319, 109, 492, 2, 971.41),
(320, 109, 401, 4, 1274.52),
(321, 109, 277, 4, 691.00),
(322, 110, 406, 2, 1274.40),
(323, 110, 26, 4, 759.91),
(324, 110, 83, 4, 1364.06),
(325, 110, 228, 1, 1278.19),
(326, 110, 229, 5, 312.33),
(327, 111, 331, 2, 1393.42),
(328, 111, 110, 5, 666.75),
(329, 112, 372, 2, 626.34),
(330, 112, 128, 4, 273.82),
(331, 112, 225, 2, 921.84),
(332, 112, 210, 4, 609.85),
(333, 112, 332, 5, 1306.14),
(334, 113, 240, 5, 252.11),
(335, 113, 315, 3, 1295.46),
(336, 113, 327, 3, 918.50),
(337, 113, 440, 1, 442.35),
(338, 113, 347, 4, 622.94),
(339, 114, 135, 1, 245.94),
(340, 114, 269, 3, 1473.14),
(341, 114, 300, 5, 530.46),
(342, 114, 169, 4, 279.31),
(343, 115, 153, 4, 860.24),
(344, 115, 108, 1, 1402.01),
(345, 115, 315, 4, 840.32),
(346, 115, 160, 5, 1223.68),
(347, 116, 439, 4, 1057.23),
(348, 116, 309, 1, 478.32),
(349, 116, 214, 3, 326.97),
(350, 117, 375, 4, 1137.86),
(351, 117, 143, 2, 994.43),
(352, 118, 276, 3, 236.23),
(353, 118, 475, 5, 1106.14),
(354, 118, 187, 3, 340.07),
(355, 118, 402, 1, 754.93),
(356, 119, 294, 4, 1434.56),
(357, 119, 93, 2, 857.01),
(358, 119, 271, 4, 861.66),
(359, 119, 398, 2, 371.60),
(360, 120, 11, 5, 434.85),
(361, 120, 170, 1, 885.55),
(362, 120, 39, 1, 732.17),
(363, 120, 86, 5, 416.23),
(364, 121, 96, 1, 642.14),
(365, 122, 146, 5, 1258.35),
(366, 123, 37, 3, 254.49),
(367, 123, 58, 4, 1228.53),
(368, 123, 121, 1, 713.44),
(369, 124, 406, 1, 434.01),
(370, 124, 135, 5, 324.89),
(371, 124, 214, 2, 1185.01),
(372, 124, 225, 4, 549.77),
(373, 125, 309, 1, 893.91),
(374, 125, 321, 3, 733.75),
(375, 125, 432, 3, 605.95),
(376, 125, 230, 2, 499.49),
(377, 125, 186, 1, 981.59),
(378, 126, 236, 1, 391.28),
(379, 127, 322, 4, 883.20),
(380, 128, 107, 1, 1013.02),
(381, 128, 478, 2, 1190.70),
(382, 128, 151, 2, 1461.14),
(383, 128, 276, 3, 701.42),
(384, 128, 254, 5, 585.08),
(385, 129, 154, 5, 981.94),
(386, 129, 318, 2, 1451.34),
(387, 129, 37, 4, 823.79),
(388, 130, 68, 2, 434.37),
(389, 130, 231, 4, 493.32),
(390, 130, 391, 2, 830.85),
(391, 130, 53, 5, 1455.34),
(392, 130, 129, 2, 281.51),
(393, 131, 463, 5, 1067.08),
(394, 132, 85, 2, 775.89),
(395, 132, 44, 5, 1474.11),
(396, 132, 14, 1, 703.50),
(397, 133, 362, 3, 816.69),
(398, 134, 392, 5, 300.14),
(399, 134, 364, 3, 1303.75),
(400, 134, 435, 4, 687.08),
(401, 134, 119, 3, 376.92),
(402, 135, 277, 3, 959.65),
(403, 135, 70, 2, 209.36),
(404, 136, 188, 5, 699.83),
(405, 136, 430, 4, 856.66),
(406, 136, 478, 2, 1485.80),
(407, 137, 42, 5, 1361.02),
(408, 137, 414, 1, 1101.97),
(409, 137, 204, 3, 984.74),
(410, 138, 229, 5, 1152.86),
(411, 138, 236, 3, 374.39),
(412, 139, 352, 3, 1444.78),
(413, 140, 217, 3, 554.47),
(414, 140, 42, 5, 862.01),
(415, 140, 234, 2, 1005.85),
(416, 140, 360, 2, 1390.82),
(417, 140, 67, 1, 560.29),
(418, 141, 221, 2, 727.54),
(419, 142, 489, 2, 816.18),
(420, 143, 415, 5, 950.69),
(421, 143, 351, 1, 365.25),
(422, 143, 225, 3, 681.23),
(423, 143, 227, 4, 660.39),
(424, 143, 236, 5, 1268.66),
(425, 144, 174, 1, 1350.07),
(426, 145, 465, 3, 725.30),
(427, 145, 85, 1, 1056.29),
(428, 146, 223, 2, 830.98),
(429, 147, 480, 4, 595.86),
(430, 147, 360, 2, 1291.85),
(431, 147, 170, 2, 670.34),
(432, 148, 359, 3, 876.05),
(433, 148, 470, 2, 442.34),
(434, 148, 163, 3, 529.12),
(435, 148, 346, 2, 733.00),
(436, 149, 449, 1, 777.35),
(437, 149, 134, 5, 1287.53),
(438, 149, 455, 2, 704.92),
(439, 149, 328, 5, 858.50),
(440, 149, 170, 3, 614.32),
(441, 150, 338, 1, 1253.20),
(442, 151, 401, 2, 388.00),
(443, 152, 478, 2, 792.79),
(444, 152, 69, 1, 853.29),
(445, 152, 263, 4, 1364.25),
(446, 152, 461, 5, 1266.36),
(447, 153, 294, 5, 928.55),
(448, 153, 135, 4, 1319.99),
(449, 153, 335, 1, 1038.99),
(450, 153, 390, 4, 617.74),
(451, 153, 449, 5, 739.93),
(452, 154, 191, 2, 231.05),
(453, 154, 194, 5, 1278.85),
(454, 154, 326, 5, 1334.34),
(455, 155, 233, 1, 1456.54),
(456, 156, 481, 2, 379.10),
(457, 157, 60, 2, 271.59),
(458, 157, 496, 1, 1430.68),
(459, 158, 117, 4, 1275.56),
(460, 158, 221, 2, 790.86),
(461, 158, 265, 4, 727.14),
(462, 159, 411, 3, 1204.40),
(463, 160, 335, 3, 406.65),
(464, 161, 23, 2, 1272.76),
(465, 161, 298, 1, 363.62),
(466, 161, 329, 3, 1405.08),
(467, 162, 70, 5, 1005.55),
(468, 163, 461, 2, 1053.11),
(469, 163, 90, 3, 949.11),
(470, 163, 233, 5, 1180.31),
(471, 164, 388, 5, 907.36),
(472, 164, 211, 4, 667.44),
(473, 165, 120, 5, 208.78),
(474, 165, 208, 3, 1315.86),
(475, 165, 328, 1, 1271.88),
(476, 166, 79, 5, 894.72),
(477, 166, 76, 2, 530.96),
(478, 166, 102, 1, 584.47),
(479, 166, 334, 5, 791.74),
(480, 167, 208, 1, 322.86),
(481, 167, 494, 3, 922.42),
(482, 167, 146, 5, 1248.64),
(483, 167, 385, 3, 1090.42),
(484, 168, 329, 3, 574.86),
(485, 168, 94, 2, 252.56),
(486, 169, 19, 2, 644.17),
(487, 169, 299, 2, 1097.22),
(488, 169, 403, 5, 1005.43),
(489, 169, 260, 2, 449.63),
(490, 169, 356, 1, 513.68),
(491, 170, 71, 2, 1373.40),
(492, 170, 370, 4, 321.36),
(493, 170, 375, 3, 1222.44),
(494, 170, 344, 2, 1055.88),
(495, 170, 260, 4, 1202.27),
(496, 171, 462, 3, 961.26),
(497, 172, 378, 3, 447.25),
(498, 172, 26, 3, 1132.51),
(499, 172, 35, 4, 1382.66),
(500, 172, 408, 5, 1253.03),
(501, 173, 178, 1, 272.65),
(502, 174, 300, 5, 824.83),
(503, 174, 222, 2, 851.47),
(504, 175, 492, 3, 1228.01),
(505, 176, 332, 5, 599.01),
(506, 177, 130, 3, 1232.05),
(507, 177, 195, 3, 952.41),
(508, 178, 456, 5, 1433.73),
(509, 179, 87, 2, 419.48),
(510, 179, 111, 1, 474.34),
(511, 180, 451, 2, 227.62),
(512, 180, 182, 4, 629.49),
(513, 181, 135, 3, 362.99),
(514, 181, 326, 3, 904.80),
(515, 181, 368, 1, 989.46),
(516, 182, 456, 1, 911.76),
(517, 182, 426, 4, 512.70),
(518, 182, 139, 2, 1068.57),
(519, 183, 342, 4, 705.61),
(520, 184, 286, 2, 594.87),
(521, 184, 446, 5, 376.94),
(522, 185, 323, 4, 1419.01),
(523, 185, 217, 1, 1495.17),
(524, 185, 347, 2, 1496.38),
(525, 185, 151, 5, 507.51),
(526, 185, 271, 5, 493.27),
(527, 186, 462, 1, 322.47),
(528, 186, 165, 3, 1280.64),
(529, 186, 423, 5, 1200.40),
(530, 186, 77, 3, 1222.24),
(531, 187, 42, 5, 675.80),
(532, 188, 319, 5, 1135.46),
(533, 188, 63, 5, 732.73),
(534, 188, 69, 4, 1458.57),
(535, 188, 387, 4, 1363.33),
(536, 188, 493, 3, 591.78),
(537, 189, 310, 1, 940.05),
(538, 189, 440, 2, 265.91),
(539, 190, 454, 5, 626.01),
(540, 190, 184, 3, 632.59),
(541, 191, 486, 2, 1468.80),
(542, 191, 252, 4, 607.16),
(543, 191, 490, 2, 1023.29),
(544, 191, 221, 3, 1152.39),
(545, 192, 358, 5, 301.31),
(546, 193, 121, 1, 586.01),
(547, 193, 337, 1, 1495.24),
(548, 193, 282, 3, 827.31),
(549, 193, 45, 5, 1220.25),
(550, 194, 325, 3, 817.93),
(551, 195, 30, 1, 1437.15),
(552, 195, 215, 5, 331.90),
(553, 195, 89, 1, 275.00),
(554, 196, 197, 4, 954.36),
(555, 196, 383, 5, 832.71),
(556, 196, 77, 2, 209.92),
(557, 196, 237, 4, 1425.74),
(558, 197, 403, 5, 895.23),
(559, 197, 291, 1, 465.10),
(560, 197, 18, 1, 431.71),
(561, 197, 120, 2, 660.73),
(562, 198, 398, 4, 1348.59),
(563, 198, 483, 4, 882.63),
(564, 198, 298, 5, 1488.58),
(565, 198, 272, 1, 1411.39),
(566, 199, 330, 4, 1108.97),
(567, 199, 79, 3, 565.70),
(568, 199, 179, 2, 328.14),
(569, 199, 163, 2, 580.42),
(570, 199, 68, 5, 1023.28),
(571, 200, 10, 3, 641.48),
(572, 201, 268, 4, 318.72),
(573, 201, 270, 4, 1258.50),
(574, 202, 424, 2, 281.79),
(575, 202, 102, 5, 327.24),
(576, 202, 353, 1, 859.23),
(577, 203, 206, 2, 530.09),
(578, 203, 105, 3, 1285.93),
(579, 203, 74, 4, 725.32),
(580, 203, 397, 4, 895.48),
(581, 203, 122, 2, 277.92),
(582, 204, 192, 5, 541.28),
(583, 204, 248, 3, 391.25),
(584, 204, 262, 2, 629.06),
(585, 204, 423, 3, 1050.15),
(586, 204, 151, 5, 877.17),
(587, 205, 435, 1, 1146.15),
(588, 205, 244, 2, 441.52),
(589, 205, 51, 4, 1346.09),
(590, 205, 387, 3, 874.93),
(591, 205, 101, 3, 631.45),
(592, 206, 479, 5, 485.13),
(593, 207, 221, 5, 1400.86),
(594, 207, 394, 4, 658.93),
(595, 207, 376, 2, 867.26),
(596, 207, 237, 2, 1112.23),
(597, 207, 274, 2, 833.28),
(598, 208, 447, 1, 587.03),
(599, 209, 190, 2, 1195.43),
(600, 210, 50, 4, 632.16),
(601, 210, 302, 3, 1342.26),
(602, 211, 82, 1, 795.48),
(603, 211, 125, 1, 1102.08),
(604, 212, 191, 2, 383.33),
(605, 212, 331, 3, 633.65),
(606, 212, 218, 2, 310.37),
(607, 212, 41, 4, 1081.42),
(608, 213, 151, 3, 465.67),
(609, 214, 219, 2, 387.16),
(610, 214, 35, 2, 1485.66),
(611, 214, 238, 1, 1391.01),
(612, 214, 437, 3, 399.00),
(613, 215, 378, 3, 389.14),
(614, 215, 149, 4, 989.68),
(615, 216, 490, 1, 469.19),
(616, 217, 309, 4, 551.51),
(617, 218, 370, 3, 291.66),
(618, 218, 408, 2, 1228.63),
(619, 218, 200, 3, 1457.16),
(620, 218, 454, 4, 593.29),
(621, 219, 161, 5, 514.85),
(622, 219, 366, 1, 1360.71),
(623, 219, 291, 4, 1205.06),
(624, 219, 290, 4, 670.09),
(625, 219, 200, 1, 1472.86),
(626, 220, 205, 3, 745.29),
(627, 220, 445, 2, 645.78),
(628, 220, 280, 2, 1044.13),
(629, 220, 370, 4, 704.62),
(630, 220, 7, 5, 610.89),
(631, 221, 143, 3, 1429.37),
(632, 221, 437, 5, 1370.67),
(633, 222, 180, 2, 258.34),
(634, 222, 294, 1, 517.24),
(635, 222, 407, 5, 1401.29),
(636, 223, 128, 1, 779.18),
(637, 223, 131, 4, 877.05),
(638, 223, 369, 1, 1352.11),
(639, 223, 356, 1, 669.56),
(640, 224, 375, 5, 755.53),
(641, 224, 226, 1, 601.55),
(642, 224, 401, 2, 565.24),
(643, 225, 192, 5, 1488.52),
(644, 226, 55, 5, 1065.82),
(645, 226, 442, 3, 712.62),
(646, 226, 302, 5, 1346.54),
(647, 226, 405, 5, 379.92),
(648, 226, 81, 2, 1007.25),
(649, 227, 242, 4, 613.25),
(650, 227, 91, 2, 1230.07),
(651, 227, 342, 4, 209.35),
(652, 228, 107, 1, 888.06),
(653, 229, 250, 3, 830.75),
(654, 230, 156, 1, 796.28),
(655, 230, 43, 1, 1194.18),
(656, 230, 340, 4, 1102.64),
(657, 231, 388, 2, 909.58),
(658, 231, 261, 1, 1381.90),
(659, 231, 493, 2, 595.12),
(660, 232, 468, 5, 299.41),
(661, 233, 480, 5, 1132.77),
(662, 234, 148, 1, 1342.36),
(663, 235, 404, 5, 479.45),
(664, 235, 190, 4, 690.94),
(665, 235, 388, 2, 842.25),
(666, 236, 48, 5, 456.72),
(667, 236, 58, 5, 1297.30),
(668, 237, 56, 3, 769.73),
(669, 237, 50, 1, 778.20),
(670, 237, 473, 3, 1050.40),
(671, 237, 143, 2, 1099.93),
(672, 238, 61, 4, 506.93),
(673, 238, 65, 2, 1325.82),
(674, 238, 495, 5, 1438.48),
(675, 238, 182, 3, 488.97),
(676, 238, 392, 4, 1204.78),
(677, 239, 215, 5, 551.88),
(678, 239, 294, 2, 321.76),
(679, 240, 337, 2, 737.21),
(680, 240, 228, 5, 400.05),
(681, 240, 214, 4, 1059.54),
(682, 241, 247, 2, 1208.33),
(683, 242, 8, 1, 1429.33),
(684, 242, 13, 2, 879.65),
(685, 242, 245, 5, 795.51),
(686, 242, 100, 4, 448.22),
(687, 243, 116, 2, 1311.33),
(688, 243, 340, 2, 561.60),
(689, 243, 250, 5, 1052.10),
(690, 243, 357, 1, 1332.73),
(691, 244, 228, 1, 1242.49),
(692, 245, 415, 5, 504.33),
(693, 245, 402, 5, 1466.21),
(694, 245, 78, 2, 998.90),
(695, 246, 303, 5, 1203.40),
(696, 246, 270, 1, 689.88),
(697, 246, 290, 1, 504.88),
(698, 246, 85, 2, 1202.32),
(699, 247, 91, 2, 1414.66),
(700, 247, 113, 5, 241.42),
(701, 248, 181, 2, 1471.07),
(702, 248, 101, 3, 1198.54),
(703, 249, 158, 5, 990.62),
(704, 249, 182, 1, 402.42),
(705, 249, 94, 1, 234.56),
(706, 250, 56, 4, 434.65),
(707, 250, 396, 3, 1128.06),
(708, 250, 474, 4, 386.76),
(709, 250, 335, 4, 1458.23),
(710, 251, 16, 1, 208.10),
(711, 252, 284, 4, 253.94),
(712, 252, 414, 1, 771.42),
(713, 252, 11, 2, 730.78),
(714, 252, 359, 2, 1465.09),
(715, 252, 323, 5, 511.64),
(716, 253, 217, 4, 1292.42),
(717, 253, 121, 5, 911.82),
(718, 253, 164, 4, 408.97),
(719, 254, 225, 2, 1353.70),
(720, 255, 217, 3, 846.85),
(721, 255, 27, 2, 935.31),
(722, 255, 169, 1, 865.84),
(723, 256, 217, 4, 297.21),
(724, 257, 216, 5, 623.19),
(725, 257, 180, 3, 345.12),
(726, 257, 441, 5, 1312.12),
(727, 257, 258, 1, 385.18),
(728, 258, 13, 2, 467.67),
(729, 259, 466, 5, 987.45),
(730, 259, 435, 2, 1099.03),
(731, 259, 287, 3, 1437.65),
(732, 259, 492, 3, 470.33),
(733, 259, 77, 5, 334.31),
(734, 260, 38, 2, 447.63),
(735, 260, 375, 4, 1414.58),
(736, 260, 167, 2, 849.66),
(737, 260, 217, 3, 636.02),
(738, 261, 331, 1, 981.89),
(739, 261, 243, 4, 312.53),
(740, 261, 432, 1, 862.42),
(741, 262, 350, 2, 633.08),
(742, 262, 11, 4, 1309.38),
(743, 262, 19, 2, 759.21),
(744, 263, 14, 1, 637.13),
(745, 263, 98, 1, 967.83),
(746, 263, 215, 2, 968.22),
(747, 263, 402, 1, 233.40),
(748, 263, 297, 4, 317.73),
(749, 264, 419, 4, 597.06),
(750, 265, 105, 2, 1121.89),
(751, 265, 253, 2, 685.14),
(752, 265, 293, 4, 628.97),
(753, 265, 490, 3, 1407.79),
(754, 265, 183, 1, 1437.28),
(755, 266, 417, 1, 397.49),
(756, 267, 68, 1, 1026.41),
(757, 267, 234, 3, 1385.04),
(758, 267, 78, 4, 368.15),
(759, 268, 486, 3, 896.85),
(760, 268, 492, 1, 1388.54),
(761, 268, 285, 2, 1378.62),
(762, 268, 243, 3, 1227.35),
(763, 269, 412, 1, 574.20),
(764, 269, 157, 3, 994.79),
(765, 269, 411, 3, 1333.32),
(766, 270, 254, 1, 354.31),
(767, 271, 409, 3, 962.66),
(768, 271, 440, 5, 345.44),
(769, 271, 86, 5, 491.68),
(770, 272, 212, 4, 423.60),
(771, 272, 407, 4, 250.81),
(772, 272, 446, 3, 719.54),
(773, 272, 93, 5, 489.43),
(774, 272, 91, 1, 830.79),
(775, 273, 493, 1, 1238.35),
(776, 273, 462, 3, 1423.07),
(777, 273, 133, 5, 1341.71),
(778, 274, 305, 2, 390.24),
(779, 274, 466, 1, 281.99),
(780, 274, 8, 3, 941.51),
(781, 274, 453, 1, 324.72),
(782, 274, 448, 2, 1212.71),
(783, 275, 497, 5, 313.92),
(784, 275, 8, 3, 1259.38),
(785, 275, 212, 1, 774.37),
(786, 275, 344, 3, 418.87),
(787, 275, 287, 5, 978.19),
(788, 276, 276, 5, 1285.90),
(789, 276, 116, 4, 275.40),
(790, 276, 408, 4, 484.67),
(791, 277, 103, 3, 402.56),
(792, 277, 257, 2, 750.56),
(793, 277, 225, 1, 810.95),
(794, 278, 330, 3, 849.84),
(795, 278, 229, 5, 719.26),
(796, 278, 117, 4, 1330.27),
(797, 278, 134, 5, 628.07),
(798, 279, 203, 3, 899.54),
(799, 279, 155, 2, 474.88),
(800, 280, 426, 3, 1189.93),
(801, 280, 457, 2, 728.34),
(802, 280, 382, 1, 541.95),
(803, 280, 218, 1, 389.86),
(804, 281, 419, 1, 311.81),
(805, 282, 465, 4, 764.79),
(806, 283, 491, 2, 966.07),
(807, 284, 146, 5, 576.12),
(808, 284, 395, 1, 1000.85),
(809, 284, 409, 5, 510.88),
(810, 285, 254, 1, 955.23),
(811, 286, 308, 1, 946.93),
(812, 287, 206, 4, 588.11),
(813, 287, 334, 4, 1324.84),
(814, 287, 449, 2, 1010.99),
(815, 287, 42, 4, 285.05),
(816, 287, 278, 2, 765.12),
(817, 288, 343, 2, 1212.45),
(818, 288, 395, 4, 743.84),
(819, 288, 247, 1, 973.34),
(820, 288, 374, 5, 402.01),
(821, 289, 38, 5, 996.20),
(822, 289, 186, 2, 903.95),
(823, 289, 311, 4, 200.45),
(824, 290, 46, 5, 1191.41),
(825, 290, 470, 2, 1457.14),
(826, 290, 220, 4, 1216.59),
(827, 291, 386, 4, 437.04),
(828, 291, 162, 5, 1014.48),
(829, 291, 410, 1, 756.83),
(830, 292, 65, 4, 952.16),
(831, 292, 366, 4, 1150.75),
(832, 292, 127, 2, 820.20),
(833, 292, 482, 1, 994.17),
(834, 293, 405, 4, 721.79),
(835, 293, 246, 1, 894.07),
(836, 293, 168, 4, 1023.48),
(837, 293, 227, 1, 1384.28),
(838, 294, 477, 4, 683.33),
(839, 294, 287, 2, 1004.70),
(840, 294, 320, 4, 716.81),
(841, 295, 230, 5, 1347.25),
(842, 295, 355, 1, 794.60),
(843, 295, 183, 1, 1022.13),
(844, 296, 183, 3, 1033.68),
(845, 297, 185, 2, 291.21),
(846, 297, 16, 1, 1261.21),
(847, 297, 476, 5, 300.69),
(848, 298, 385, 3, 649.72),
(849, 298, 118, 3, 248.10),
(850, 298, 462, 4, 972.79),
(851, 299, 313, 3, 1075.06),
(852, 299, 361, 5, 921.86),
(853, 299, 125, 1, 1421.28),
(854, 299, 298, 1, 657.89),
(855, 299, 496, 3, 935.80),
(856, 300, 152, 5, 840.22),
(857, 300, 4, 5, 209.29),
(858, 301, 181, 4, 673.47),
(859, 301, 458, 1, 398.75),
(860, 301, 465, 4, 361.76),
(861, 302, 351, 1, 1204.28),
(862, 302, 427, 2, 703.77),
(863, 302, 41, 5, 1252.84),
(864, 302, 18, 1, 661.08),
(865, 302, 379, 2, 910.32),
(866, 303, 433, 5, 591.08),
(867, 303, 492, 3, 331.11),
(868, 303, 371, 1, 330.29),
(869, 303, 364, 2, 230.82),
(870, 303, 255, 2, 1444.40),
(871, 304, 179, 1, 894.20),
(872, 305, 30, 4, 1482.80),
(873, 306, 283, 5, 469.20),
(874, 306, 400, 4, 1460.44),
(875, 307, 224, 3, 1277.14),
(876, 307, 394, 5, 1121.54),
(877, 308, 276, 5, 1331.58),
(878, 308, 259, 4, 1303.14),
(879, 309, 402, 3, 496.21),
(880, 309, 352, 4, 980.21),
(881, 309, 149, 4, 1418.16),
(882, 310, 391, 4, 893.35),
(883, 311, 168, 2, 313.03),
(884, 311, 181, 5, 401.71),
(885, 312, 347, 5, 216.74),
(886, 312, 203, 2, 1317.13),
(887, 313, 417, 4, 1022.92),
(888, 313, 91, 3, 1055.16),
(889, 313, 493, 3, 1375.77),
(890, 313, 88, 5, 932.78),
(891, 314, 382, 2, 635.49),
(892, 314, 498, 3, 1138.24),
(893, 315, 140, 2, 825.28),
(894, 315, 266, 2, 896.55),
(895, 315, 458, 1, 1013.30),
(896, 315, 156, 3, 1405.11),
(897, 316, 308, 5, 845.47),
(898, 316, 376, 5, 933.24),
(899, 316, 126, 3, 754.93),
(900, 316, 179, 2, 1381.72),
(901, 317, 36, 4, 1150.78),
(902, 318, 265, 1, 819.20),
(903, 318, 420, 2, 459.10),
(904, 318, 381, 1, 698.58),
(905, 318, 451, 1, 1041.92),
(906, 318, 461, 1, 1240.09),
(907, 319, 239, 5, 1120.38),
(908, 319, 425, 3, 218.01),
(909, 319, 124, 1, 654.72),
(910, 319, 361, 4, 1445.79),
(911, 319, 165, 2, 1033.53),
(912, 320, 431, 4, 770.90),
(913, 320, 449, 4, 1401.84),
(914, 320, 68, 2, 382.74),
(915, 320, 53, 4, 732.62),
(916, 320, 217, 2, 526.18),
(917, 321, 493, 1, 366.96),
(918, 322, 167, 5, 1260.38),
(919, 323, 399, 2, 591.41),
(920, 323, 292, 5, 378.15),
(921, 324, 408, 4, 571.35),
(922, 324, 342, 4, 617.25),
(923, 324, 499, 4, 1123.33),
(924, 324, 353, 2, 1096.89),
(925, 324, 472, 5, 210.20),
(926, 325, 239, 4, 619.60),
(927, 325, 84, 5, 1017.83),
(928, 325, 231, 5, 520.56),
(929, 326, 360, 2, 1051.68),
(930, 326, 294, 2, 1138.58),
(931, 326, 434, 4, 202.92),
(932, 327, 83, 3, 1212.13),
(933, 327, 132, 4, 1237.79),
(934, 327, 425, 1, 1052.54),
(935, 327, 236, 3, 913.89),
(936, 328, 463, 5, 1165.28),
(937, 328, 425, 5, 603.27),
(938, 328, 336, 5, 1310.10),
(939, 328, 447, 1, 604.04),
(940, 328, 457, 2, 391.32),
(941, 329, 345, 5, 577.76),
(942, 330, 264, 1, 280.61),
(943, 330, 112, 5, 389.21),
(944, 330, 404, 1, 372.04),
(945, 330, 464, 2, 1077.23),
(946, 331, 69, 5, 711.10),
(947, 331, 122, 3, 1244.32),
(948, 331, 74, 5, 340.26),
(949, 331, 183, 4, 454.33),
(950, 331, 210, 3, 951.75),
(951, 332, 143, 5, 217.81),
(952, 332, 321, 5, 750.49),
(953, 332, 451, 3, 975.37),
(954, 332, 481, 2, 728.87),
(955, 333, 274, 5, 464.92),
(956, 333, 384, 1, 1193.12),
(957, 333, 12, 1, 1008.32),
(958, 334, 222, 4, 414.69),
(959, 334, 391, 5, 368.73),
(960, 334, 397, 5, 1271.99),
(961, 334, 442, 3, 1259.72),
(962, 334, 63, 2, 948.80),
(963, 335, 472, 2, 352.31),
(964, 335, 470, 2, 563.32),
(965, 335, 78, 2, 590.40),
(966, 335, 482, 3, 1204.20),
(967, 335, 96, 1, 418.21),
(968, 336, 234, 3, 345.98),
(969, 336, 327, 3, 901.05),
(970, 336, 108, 2, 1261.14),
(971, 337, 287, 3, 335.38),
(972, 338, 224, 1, 388.32),
(973, 339, 109, 5, 658.91),
(974, 339, 431, 4, 1005.66),
(975, 339, 372, 1, 912.99),
(976, 340, 70, 3, 988.98),
(977, 340, 101, 4, 653.10),
(978, 340, 83, 2, 617.10),
(979, 340, 332, 1, 1134.77),
(980, 341, 398, 5, 690.33),
(981, 341, 92, 4, 255.27),
(982, 341, 260, 4, 1308.06),
(983, 341, 257, 4, 444.72),
(984, 341, 206, 4, 370.81),
(985, 342, 267, 3, 1425.47),
(986, 342, 197, 5, 341.19),
(987, 343, 45, 5, 1258.16),
(988, 343, 72, 1, 1306.15),
(989, 344, 138, 4, 376.69),
(990, 345, 279, 3, 468.78),
(991, 345, 248, 2, 575.56),
(992, 345, 299, 5, 434.87),
(993, 346, 185, 3, 1490.15),
(994, 346, 297, 5, 1483.34),
(995, 346, 431, 1, 1049.65),
(996, 346, 33, 5, 1039.66),
(997, 346, 48, 2, 899.25),
(998, 347, 309, 1, 921.58),
(999, 348, 110, 4, 1166.64),
(1000, 348, 361, 3, 439.71),
(1001, 348, 396, 1, 489.86),
(1002, 348, 194, 5, 856.27),
(1003, 348, 157, 3, 1107.12),
(1004, 349, 185, 4, 1009.42),
(1005, 350, 32, 1, 923.67),
(1006, 350, 477, 5, 630.64),
(1007, 350, 197, 2, 961.15),
(1008, 351, 469, 2, 1132.14),
(1009, 351, 361, 4, 700.35),
(1010, 351, 138, 2, 298.52),
(1011, 351, 459, 2, 1428.34),
(1012, 351, 341, 3, 875.43),
(1013, 352, 373, 5, 1426.54),
(1014, 352, 487, 3, 1123.65),
(1015, 353, 280, 5, 1062.78),
(1016, 353, 493, 3, 538.80),
(1017, 354, 232, 5, 269.69),
(1018, 354, 325, 2, 1488.88),
(1019, 354, 45, 2, 1348.83),
(1020, 354, 279, 5, 332.74),
(1021, 354, 154, 1, 530.77),
(1022, 355, 24, 3, 417.92),
(1023, 355, 394, 1, 893.83),
(1024, 355, 406, 1, 1487.93),
(1025, 355, 65, 2, 1276.78),
(1026, 355, 444, 2, 734.28),
(1027, 356, 459, 3, 712.57),
(1028, 356, 252, 1, 443.42),
(1029, 356, 14, 3, 1210.93),
(1030, 356, 333, 2, 1252.07),
(1031, 357, 414, 5, 909.61),
(1032, 357, 455, 4, 594.00),
(1033, 357, 419, 3, 533.13),
(1034, 358, 43, 2, 274.80),
(1035, 358, 315, 5, 911.55),
(1036, 358, 5, 2, 289.21),
(1037, 358, 182, 3, 1125.66),
(1038, 359, 401, 5, 693.83),
(1039, 359, 28, 1, 1219.32),
(1040, 359, 66, 3, 1313.01),
(1041, 359, 16, 4, 926.07),
(1042, 359, 126, 1, 1352.92),
(1043, 360, 229, 4, 1418.80),
(1044, 360, 313, 4, 508.68),
(1045, 360, 407, 4, 1167.70),
(1046, 360, 104, 5, 335.31),
(1047, 360, 305, 2, 1452.66),
(1048, 361, 485, 5, 579.34),
(1049, 361, 22, 5, 934.16),
(1050, 361, 47, 1, 888.12),
(1051, 361, 431, 2, 1097.99),
(1052, 362, 224, 2, 1265.46),
(1053, 362, 52, 5, 803.79),
(1054, 362, 191, 3, 371.84),
(1055, 362, 77, 5, 959.22),
(1056, 362, 398, 3, 888.05),
(1057, 363, 33, 2, 733.68),
(1058, 363, 225, 1, 650.87),
(1059, 363, 51, 5, 830.00),
(1060, 364, 134, 1, 738.54),
(1061, 364, 218, 4, 354.87),
(1062, 365, 241, 5, 294.17),
(1063, 365, 348, 4, 213.20),
(1064, 366, 173, 2, 736.40),
(1065, 366, 376, 1, 774.73),
(1066, 367, 175, 2, 1077.43),
(1067, 367, 475, 5, 1307.15),
(1068, 367, 45, 5, 483.98),
(1069, 367, 11, 3, 939.86),
(1070, 367, 320, 5, 541.14),
(1071, 368, 47, 5, 724.13),
(1072, 368, 297, 1, 840.50),
(1073, 369, 24, 5, 831.57),
(1074, 369, 338, 5, 602.99),
(1075, 370, 74, 5, 888.58),
(1076, 370, 397, 2, 224.90),
(1077, 370, 477, 2, 422.95),
(1078, 370, 145, 1, 1291.29),
(1079, 370, 316, 1, 1176.14),
(1080, 371, 61, 5, 1131.24),
(1081, 371, 122, 3, 231.66),
(1082, 371, 259, 2, 1442.29),
(1083, 371, 497, 4, 1480.83),
(1084, 371, 219, 1, 520.53),
(1085, 372, 213, 2, 1499.03),
(1086, 372, 300, 1, 1085.64),
(1087, 373, 306, 4, 755.94),
(1088, 373, 65, 3, 417.07),
(1089, 373, 283, 4, 884.60),
(1090, 373, 116, 5, 1021.69),
(1091, 374, 325, 5, 786.36),
(1092, 374, 77, 4, 742.52),
(1093, 374, 490, 1, 1435.67),
(1094, 375, 489, 1, 1459.63),
(1095, 376, 497, 3, 437.40),
(1096, 377, 499, 1, 1317.71),
(1097, 377, 343, 5, 1267.27),
(1098, 377, 301, 2, 914.22),
(1099, 377, 176, 1, 1065.87),
(1100, 377, 44, 5, 899.71),
(1101, 378, 435, 1, 274.38),
(1102, 378, 56, 4, 1123.59),
(1103, 379, 499, 1, 1166.56),
(1104, 379, 379, 3, 1136.41),
(1105, 380, 252, 3, 1148.87),
(1106, 380, 175, 5, 1019.01),
(1107, 381, 198, 4, 934.82),
(1108, 381, 417, 5, 1147.37),
(1109, 382, 100, 5, 419.87),
(1110, 382, 212, 5, 1207.20),
(1111, 382, 363, 2, 1045.93),
(1112, 383, 222, 4, 208.09),
(1113, 384, 363, 5, 734.62),
(1114, 384, 486, 3, 943.70),
(1115, 384, 99, 2, 209.15),
(1116, 385, 184, 1, 1106.12),
(1117, 385, 486, 5, 1279.95),
(1118, 386, 295, 4, 1212.48),
(1119, 386, 59, 2, 1152.71),
(1120, 387, 201, 1, 1274.42),
(1121, 387, 31, 5, 1049.41),
(1122, 387, 364, 5, 328.36),
(1123, 387, 335, 3, 624.01),
(1124, 388, 348, 5, 1399.28),
(1125, 388, 23, 2, 931.55),
(1126, 388, 395, 3, 720.45),
(1127, 389, 469, 5, 558.98),
(1128, 389, 349, 5, 916.32),
(1129, 389, 456, 1, 589.06),
(1130, 389, 475, 2, 491.08),
(1131, 389, 302, 3, 1200.69),
(1132, 390, 325, 3, 936.99),
(1133, 390, 498, 3, 561.22),
(1134, 390, 230, 3, 214.26),
(1135, 390, 70, 5, 853.20),
(1136, 391, 420, 3, 1264.47),
(1137, 391, 284, 4, 1372.16),
(1138, 391, 492, 4, 437.34),
(1139, 392, 246, 4, 1134.80),
(1140, 392, 128, 3, 230.60),
(1141, 393, 57, 1, 476.47),
(1142, 393, 351, 5, 423.90),
(1143, 393, 199, 3, 1098.93),
(1144, 393, 146, 4, 1221.85),
(1145, 393, 6, 3, 945.54),
(1146, 394, 218, 3, 765.20),
(1147, 395, 193, 5, 468.23),
(1148, 395, 89, 5, 368.22),
(1149, 395, 81, 1, 445.86),
(1150, 395, 385, 1, 784.58),
(1151, 396, 487, 2, 888.80),
(1152, 396, 12, 4, 1268.55),
(1153, 396, 492, 5, 1117.86),
(1154, 397, 36, 3, 310.47),
(1155, 398, 162, 5, 1047.15),
(1156, 398, 222, 4, 427.63),
(1157, 398, 282, 5, 1462.05),
(1158, 399, 177, 2, 846.31),
(1159, 399, 440, 1, 1427.03),
(1160, 399, 21, 3, 657.97),
(1161, 399, 58, 3, 624.80),
(1162, 399, 78, 4, 1137.21),
(1163, 400, 244, 5, 1372.65),
(1164, 401, 195, 2, 398.74),
(1165, 402, 340, 3, 679.05),
(1166, 403, 307, 4, 620.38),
(1167, 403, 115, 3, 1072.52),
(1168, 403, 2, 5, 442.89),
(1169, 403, 94, 4, 851.98),
(1170, 404, 127, 4, 344.41),
(1171, 404, 277, 1, 814.68),
(1172, 404, 261, 4, 317.34),
(1173, 405, 261, 1, 1313.20),
(1174, 405, 444, 5, 1037.15),
(1175, 405, 463, 3, 258.92),
(1176, 406, 342, 3, 1037.85),
(1177, 406, 132, 5, 366.15),
(1178, 406, 384, 5, 684.39),
(1179, 406, 270, 4, 716.47),
(1180, 407, 82, 4, 293.98),
(1181, 408, 307, 3, 1465.77),
(1182, 408, 327, 4, 1083.72),
(1183, 409, 279, 2, 813.62),
(1184, 409, 261, 3, 763.44),
(1185, 410, 236, 1, 1259.67),
(1186, 410, 372, 2, 1122.43),
(1187, 410, 20, 1, 1114.03),
(1188, 410, 320, 2, 1302.52),
(1189, 411, 254, 5, 1348.41),
(1190, 411, 146, 1, 862.21),
(1191, 411, 292, 5, 233.47),
(1192, 412, 417, 4, 815.70),
(1193, 412, 363, 1, 1047.80),
(1194, 412, 1, 3, 959.97),
(1195, 412, 468, 5, 556.68),
(1196, 412, 236, 4, 332.48),
(1197, 413, 294, 1, 923.20),
(1198, 413, 406, 2, 687.89),
(1199, 414, 340, 5, 589.72),
(1200, 414, 95, 4, 977.72),
(1201, 415, 37, 5, 925.29),
(1202, 415, 383, 1, 465.18),
(1203, 415, 46, 5, 815.93),
(1204, 416, 494, 1, 1415.55),
(1205, 416, 475, 4, 750.88),
(1206, 416, 135, 5, 873.97),
(1207, 416, 344, 3, 1021.41),
(1208, 417, 244, 1, 1332.57),
(1209, 417, 473, 5, 1403.13),
(1210, 417, 32, 4, 1489.08),
(1211, 417, 2, 5, 430.24),
(1212, 417, 293, 2, 935.32),
(1213, 418, 359, 4, 687.08),
(1214, 418, 259, 2, 629.99),
(1215, 418, 335, 4, 332.43),
(1216, 418, 121, 4, 628.24),
(1217, 419, 239, 4, 883.61),
(1218, 419, 369, 4, 523.09),
(1219, 419, 450, 5, 403.95),
(1220, 420, 218, 3, 1440.92),
(1221, 420, 272, 4, 282.06),
(1222, 420, 308, 4, 258.60),
(1223, 420, 235, 4, 373.47),
(1224, 420, 154, 2, 657.57),
(1225, 421, 284, 2, 899.53),
(1226, 421, 340, 2, 547.66),
(1227, 421, 12, 5, 1080.98),
(1228, 421, 168, 2, 279.10),
(1229, 421, 488, 2, 688.86),
(1230, 422, 495, 5, 1035.85),
(1231, 423, 57, 2, 965.63),
(1232, 423, 287, 2, 750.82),
(1233, 424, 387, 3, 373.06),
(1234, 424, 193, 2, 898.65),
(1235, 424, 142, 3, 848.67),
(1236, 425, 336, 2, 759.53),
(1237, 425, 139, 5, 988.11),
(1238, 425, 144, 2, 1252.52),
(1239, 425, 176, 3, 1192.70),
(1240, 426, 107, 4, 1071.93),
(1241, 426, 57, 5, 380.48),
(1242, 426, 479, 2, 220.22),
(1243, 426, 14, 5, 773.86),
(1244, 427, 83, 1, 729.29),
(1245, 427, 337, 1, 429.02),
(1246, 427, 115, 1, 622.63),
(1247, 427, 260, 1, 528.39),
(1248, 427, 429, 1, 752.72),
(1249, 428, 401, 4, 241.67),
(1250, 428, 18, 5, 603.01),
(1251, 428, 57, 5, 1218.35),
(1252, 429, 499, 3, 348.39),
(1253, 429, 389, 2, 1132.33),
(1254, 430, 486, 1, 1046.05),
(1255, 430, 210, 1, 1375.86),
(1256, 430, 53, 4, 1479.80),
(1257, 430, 106, 2, 1341.33),
(1258, 431, 294, 1, 1375.67),
(1259, 431, 483, 1, 644.06),
(1260, 431, 88, 1, 631.03),
(1261, 431, 27, 2, 1485.88),
(1262, 432, 500, 1, 1036.70),
(1263, 432, 1, 1, 521.00),
(1264, 432, 105, 5, 309.06),
(1265, 432, 138, 4, 597.84),
(1266, 432, 200, 1, 389.73),
(1267, 433, 94, 4, 1242.07),
(1268, 433, 435, 5, 697.81),
(1269, 434, 160, 5, 789.93),
(1270, 434, 25, 1, 898.65),
(1271, 434, 366, 4, 1100.02),
(1272, 435, 302, 2, 703.79),
(1273, 436, 258, 4, 700.42),
(1274, 436, 466, 1, 756.18),
(1275, 436, 412, 1, 361.60),
(1276, 436, 381, 1, 1366.07),
(1277, 436, 162, 1, 445.71),
(1278, 437, 33, 4, 1017.84),
(1279, 437, 225, 5, 956.66),
(1280, 437, 64, 4, 1000.54),
(1281, 438, 122, 4, 398.44),
(1282, 438, 8, 3, 1375.84),
(1283, 438, 209, 3, 585.30),
(1284, 438, 35, 1, 1323.44),
(1285, 438, 298, 1, 1497.73),
(1286, 439, 110, 4, 213.98),
(1287, 439, 445, 4, 380.12),
(1288, 439, 335, 1, 960.19),
(1289, 439, 405, 3, 298.90),
(1290, 439, 301, 4, 285.85),
(1291, 440, 480, 2, 1295.25),
(1292, 440, 283, 3, 657.02),
(1293, 440, 60, 2, 779.41),
(1294, 440, 20, 2, 785.40),
(1295, 440, 209, 5, 305.59),
(1296, 441, 269, 4, 1106.35),
(1297, 441, 262, 2, 1046.26),
(1298, 442, 349, 1, 509.53),
(1299, 442, 470, 4, 764.18),
(1300, 442, 190, 5, 1454.05),
(1301, 443, 223, 3, 437.37),
(1302, 443, 336, 3, 1430.40),
(1303, 444, 92, 3, 403.34),
(1304, 444, 275, 4, 1327.61),
(1305, 444, 413, 2, 1142.10),
(1306, 444, 266, 2, 415.93),
(1307, 444, 37, 1, 795.18),
(1308, 445, 482, 2, 205.50),
(1309, 445, 490, 3, 934.84),
(1310, 446, 274, 3, 987.16),
(1311, 446, 122, 3, 592.58),
(1312, 446, 420, 5, 989.89),
(1313, 447, 230, 1, 1453.91),
(1314, 447, 160, 2, 1349.06),
(1315, 448, 460, 5, 597.55),
(1316, 448, 181, 1, 1119.88),
(1317, 448, 153, 5, 927.75),
(1318, 448, 465, 3, 1314.05),
(1319, 449, 166, 3, 1205.27),
(1320, 449, 204, 1, 323.65),
(1321, 449, 8, 5, 1223.21),
(1322, 450, 462, 5, 1054.04),
(1323, 451, 73, 1, 329.79),
(1324, 452, 64, 2, 1239.32),
(1325, 452, 5, 4, 623.86),
(1326, 452, 360, 3, 1302.04),
(1327, 452, 295, 4, 1344.74),
(1328, 452, 117, 4, 738.92),
(1329, 453, 154, 3, 1348.16),
(1330, 453, 202, 4, 440.72),
(1331, 454, 457, 3, 557.58),
(1332, 454, 421, 3, 403.53),
(1333, 454, 80, 3, 321.74),
(1334, 454, 410, 4, 549.29),
(1335, 455, 243, 2, 669.15),
(1336, 455, 358, 4, 572.85),
(1337, 455, 325, 4, 1496.02),
(1338, 455, 174, 1, 1418.21),
(1339, 455, 480, 4, 1442.29),
(1340, 456, 16, 4, 967.35),
(1341, 456, 423, 4, 1003.78),
(1342, 456, 290, 3, 1182.51),
(1343, 457, 173, 5, 301.00),
(1344, 457, 255, 5, 727.84),
(1345, 457, 406, 2, 1450.19),
(1346, 457, 444, 4, 282.63),
(1347, 457, 189, 3, 1320.44),
(1348, 458, 279, 1, 520.16),
(1349, 458, 368, 4, 414.56),
(1350, 458, 17, 3, 1403.02),
(1351, 459, 4, 1, 871.52),
(1352, 460, 237, 3, 936.72),
(1353, 461, 292, 1, 462.21),
(1354, 461, 221, 3, 1281.33),
(1355, 461, 337, 4, 822.96),
(1356, 462, 491, 5, 1178.50),
(1357, 462, 121, 4, 924.76),
(1358, 462, 337, 3, 637.06),
(1359, 462, 396, 2, 715.02),
(1360, 463, 35, 2, 367.03),
(1361, 463, 6, 2, 566.73),
(1362, 463, 74, 4, 891.70),
(1363, 464, 473, 1, 490.81),
(1364, 464, 274, 5, 205.76),
(1365, 464, 425, 3, 200.18),
(1366, 465, 76, 5, 263.30),
(1367, 465, 54, 2, 1050.76),
(1368, 465, 56, 1, 448.08),
(1369, 465, 39, 5, 619.21),
(1370, 466, 469, 1, 1012.20),
(1371, 466, 191, 4, 1267.16),
(1372, 466, 98, 5, 868.58),
(1373, 466, 282, 4, 589.14),
(1374, 466, 366, 3, 1048.44),
(1375, 467, 239, 3, 961.79),
(1376, 468, 255, 5, 422.50),
(1377, 468, 475, 5, 1427.72),
(1378, 469, 165, 1, 364.13),
(1379, 470, 175, 1, 1353.96),
(1380, 471, 177, 4, 239.84),
(1381, 471, 229, 3, 702.65),
(1382, 471, 468, 5, 1112.19),
(1383, 472, 36, 5, 1431.14),
(1384, 472, 334, 4, 1252.25),
(1385, 473, 4, 4, 810.56),
(1386, 474, 360, 1, 1281.00),
(1387, 474, 250, 4, 1029.09),
(1388, 475, 471, 5, 1217.97),
(1389, 475, 69, 3, 1183.10),
(1390, 475, 150, 4, 562.55),
(1391, 476, 144, 3, 334.07),
(1392, 476, 365, 1, 446.98),
(1393, 476, 353, 4, 926.12),
(1394, 476, 90, 1, 1056.64),
(1395, 476, 5, 5, 648.36),
(1396, 477, 186, 4, 782.10),
(1397, 477, 113, 2, 895.74),
(1398, 477, 262, 1, 321.57),
(1399, 477, 346, 4, 1424.18),
(1400, 477, 170, 1, 1185.55),
(1401, 478, 160, 4, 613.50),
(1402, 478, 441, 5, 523.18),
(1403, 479, 22, 4, 722.37),
(1404, 479, 303, 5, 323.70),
(1405, 479, 254, 4, 298.58),
(1406, 479, 135, 1, 967.52),
(1407, 480, 61, 2, 515.49),
(1408, 480, 340, 1, 381.50),
(1409, 480, 304, 3, 358.06),
(1410, 480, 442, 5, 340.16),
(1411, 481, 201, 2, 542.79),
(1412, 481, 127, 4, 866.96),
(1413, 481, 74, 3, 202.23),
(1414, 481, 306, 2, 663.14),
(1415, 481, 481, 1, 982.37),
(1416, 482, 287, 4, 1051.05),
(1417, 482, 31, 1, 551.68),
(1418, 483, 221, 2, 361.80),
(1419, 483, 437, 1, 1000.08),
(1420, 483, 126, 5, 833.70),
(1421, 484, 465, 1, 526.48),
(1422, 484, 249, 2, 292.79),
(1423, 484, 211, 2, 634.06),
(1424, 484, 346, 3, 1400.00),
(1425, 484, 304, 2, 919.52),
(1426, 485, 256, 3, 652.14),
(1427, 485, 139, 1, 646.68),
(1428, 485, 464, 1, 593.99),
(1429, 485, 232, 1, 515.23),
(1430, 486, 91, 4, 656.68),
(1431, 486, 22, 2, 619.61),
(1432, 487, 460, 1, 856.65),
(1433, 487, 338, 2, 986.09),
(1434, 488, 189, 5, 1223.68),
(1435, 488, 33, 4, 554.27),
(1436, 488, 280, 1, 1185.44),
(1437, 489, 323, 2, 1294.46),
(1438, 490, 278, 3, 569.17),
(1439, 490, 63, 2, 893.51),
(1440, 490, 217, 3, 1219.42),
(1441, 491, 345, 4, 843.06),
(1442, 492, 7, 1, 557.58),
(1443, 492, 76, 3, 824.23),
(1444, 492, 90, 5, 348.70),
(1445, 493, 31, 2, 206.88),
(1446, 493, 196, 3, 1418.91),
(1447, 494, 486, 2, 939.72),
(1448, 495, 466, 3, 1266.55),
(1449, 495, 52, 2, 1329.12),
(1450, 496, 289, 5, 242.53),
(1451, 496, 14, 5, 803.49),
(1452, 497, 121, 5, 583.23),
(1453, 497, 330, 5, 1346.15),
(1454, 497, 306, 2, 1411.82),
(1455, 498, 246, 2, 658.34),
(1456, 499, 9, 1, 1058.71),
(1457, 499, 293, 1, 866.75),
(1458, 499, 29, 3, 908.50),
(1459, 499, 305, 5, 657.87),
(1460, 500, 281, 1, 248.05),
(1461, 500, 122, 3, 614.03),
(1462, 501, 295, 5, 231.13),
(1463, 502, 313, 1, 694.88),
(1464, 503, 481, 3, 1363.02),
(1465, 503, 140, 1, 1064.23),
(1466, 503, 7, 2, 874.11),
(1467, 503, 112, 3, 1498.39),
(1468, 504, 85, 2, 1362.61),
(1469, 504, 83, 4, 1014.26),
(1470, 504, 65, 4, 1288.87),
(1471, 504, 284, 3, 410.52),
(1472, 504, 370, 2, 718.53),
(1473, 505, 268, 4, 1096.67),
(1474, 505, 272, 5, 1045.95),
(1475, 505, 225, 5, 942.46),
(1476, 506, 294, 3, 508.16),
(1477, 506, 281, 5, 463.58),
(1478, 506, 236, 5, 1388.30),
(1479, 506, 301, 2, 1016.21),
(1480, 506, 485, 5, 206.77),
(1481, 507, 216, 5, 1288.67),
(1482, 507, 238, 4, 943.87),
(1483, 507, 33, 2, 317.00),
(1484, 507, 338, 4, 524.83),
(1485, 508, 188, 3, 1259.43),
(1486, 508, 27, 5, 522.12),
(1487, 508, 146, 4, 495.72),
(1488, 508, 447, 5, 1035.69),
(1489, 509, 326, 1, 206.89),
(1490, 510, 322, 2, 714.91),
(1491, 510, 245, 4, 1233.75),
(1492, 510, 342, 1, 472.52),
(1493, 510, 84, 1, 956.41),
(1494, 511, 282, 1, 276.57),
(1495, 511, 180, 5, 1104.26),
(1496, 511, 375, 1, 1116.63),
(1497, 512, 281, 3, 1046.79),
(1498, 512, 454, 4, 613.34),
(1499, 513, 461, 3, 1373.41),
(1500, 513, 37, 3, 1409.63),
(1501, 513, 18, 2, 292.54),
(1502, 513, 66, 3, 1311.98),
(1503, 514, 252, 1, 642.89),
(1504, 514, 327, 2, 762.61),
(1505, 514, 33, 2, 637.05),
(1506, 514, 99, 5, 608.43),
(1507, 514, 419, 5, 483.51),
(1508, 515, 139, 4, 997.44),
(1509, 516, 252, 2, 741.18),
(1510, 516, 101, 3, 271.30),
(1511, 516, 400, 1, 1136.96),
(1512, 516, 190, 4, 365.67),
(1513, 516, 115, 2, 383.23),
(1514, 517, 84, 4, 719.82),
(1515, 517, 223, 4, 1353.55),
(1516, 518, 232, 1, 1358.38),
(1517, 518, 179, 4, 942.46),
(1518, 519, 393, 5, 1417.09),
(1519, 519, 475, 4, 1002.61),
(1520, 519, 377, 2, 771.44),
(1521, 519, 6, 4, 235.61),
(1522, 520, 481, 1, 426.73),
(1523, 520, 51, 2, 972.61),
(1524, 521, 60, 5, 1158.21),
(1525, 521, 380, 1, 591.95),
(1526, 521, 49, 3, 1131.16),
(1527, 521, 212, 2, 522.25),
(1528, 521, 136, 5, 1160.08),
(1529, 522, 164, 5, 592.97),
(1530, 522, 405, 3, 810.13),
(1531, 522, 128, 5, 255.51),
(1532, 522, 432, 1, 581.63),
(1533, 522, 314, 4, 209.04),
(1534, 523, 25, 5, 681.85),
(1535, 523, 320, 1, 1216.06),
(1536, 524, 269, 3, 723.26),
(1537, 525, 453, 4, 1387.42),
(1538, 525, 53, 1, 1182.21),
(1539, 525, 437, 5, 852.44),
(1540, 526, 286, 2, 1435.37),
(1541, 526, 470, 3, 956.17),
(1542, 526, 197, 4, 928.90),
(1543, 526, 305, 4, 246.82),
(1544, 527, 208, 2, 1228.03),
(1545, 527, 66, 3, 711.34),
(1546, 527, 477, 5, 1095.82),
(1547, 527, 347, 5, 994.57),
(1548, 528, 354, 1, 386.56),
(1549, 528, 199, 5, 638.38),
(1550, 529, 417, 1, 943.67),
(1551, 529, 130, 1, 1068.95),
(1552, 529, 108, 4, 677.37),
(1553, 529, 42, 3, 254.51),
(1554, 529, 447, 4, 614.25),
(1555, 530, 66, 2, 796.26),
(1556, 530, 2, 3, 1372.87),
(1557, 530, 32, 3, 1450.00),
(1558, 531, 60, 2, 601.87),
(1559, 531, 425, 1, 1401.52),
(1560, 531, 40, 5, 1412.47),
(1561, 531, 202, 5, 1238.55),
(1562, 532, 396, 2, 703.84),
(1563, 532, 200, 3, 740.53),
(1564, 532, 264, 3, 1044.75),
(1565, 532, 220, 1, 1381.44),
(1566, 532, 259, 2, 367.66),
(1567, 533, 363, 4, 1337.87),
(1568, 534, 265, 3, 886.96),
(1569, 534, 227, 5, 276.20),
(1570, 534, 221, 2, 1450.58),
(1571, 534, 151, 3, 1033.48),
(1572, 535, 270, 2, 874.88),
(1573, 535, 227, 5, 1077.17),
(1574, 535, 73, 5, 393.10),
(1575, 536, 311, 4, 1499.80),
(1576, 537, 116, 5, 513.55),
(1577, 537, 390, 4, 997.95),
(1578, 537, 282, 1, 310.66),
(1579, 537, 218, 1, 998.50),
(1580, 538, 364, 3, 253.21),
(1581, 539, 194, 2, 1112.51),
(1582, 539, 361, 2, 812.22),
(1583, 539, 381, 5, 293.95),
(1584, 539, 302, 5, 526.91),
(1585, 539, 325, 3, 1007.98),
(1586, 540, 3, 2, 1069.54),
(1587, 540, 373, 4, 1031.80),
(1588, 541, 184, 4, 1078.50),
(1589, 541, 76, 4, 1078.15),
(1590, 541, 181, 3, 1113.75),
(1591, 542, 102, 1, 945.64),
(1592, 543, 458, 3, 1444.71),
(1593, 543, 253, 2, 254.10),
(1594, 543, 392, 5, 1253.18),
(1595, 544, 379, 3, 802.83),
(1596, 544, 48, 2, 1487.69),
(1597, 544, 244, 4, 1045.81),
(1598, 544, 442, 5, 786.28),
(1599, 545, 494, 5, 738.83),
(1600, 545, 459, 2, 992.82),
(1601, 545, 421, 2, 885.33),
(1602, 545, 53, 2, 1142.73),
(1603, 545, 413, 5, 900.92),
(1604, 546, 386, 5, 1260.89),
(1605, 546, 261, 3, 1019.81),
(1606, 546, 33, 3, 833.21),
(1607, 546, 122, 1, 474.30),
(1608, 547, 387, 3, 537.70),
(1609, 547, 321, 2, 224.32),
(1610, 548, 449, 4, 498.59),
(1611, 548, 51, 5, 1486.35),
(1612, 548, 124, 5, 618.40),
(1613, 548, 255, 2, 674.38),
(1614, 549, 58, 5, 479.41),
(1615, 549, 172, 5, 1310.27),
(1616, 550, 354, 4, 691.34),
(1617, 550, 420, 5, 606.77),
(1618, 550, 407, 4, 526.32),
(1619, 550, 190, 2, 1222.89),
(1620, 550, 99, 1, 1261.27),
(1621, 551, 242, 2, 862.30),
(1622, 551, 129, 3, 1414.24),
(1623, 551, 384, 3, 725.54),
(1624, 551, 119, 1, 1237.09),
(1625, 552, 494, 3, 629.48),
(1626, 553, 262, 5, 355.23),
(1627, 553, 353, 1, 323.49),
(1628, 554, 251, 2, 1471.87),
(1629, 554, 433, 4, 1306.51),
(1630, 555, 300, 2, 620.65),
(1631, 555, 271, 5, 375.07),
(1632, 555, 101, 3, 528.21),
(1633, 555, 326, 3, 1478.28),
(1634, 556, 401, 3, 809.50),
(1635, 556, 157, 2, 581.21),
(1636, 557, 116, 1, 807.60),
(1637, 558, 385, 4, 292.08),
(1638, 558, 379, 1, 917.83),
(1639, 559, 495, 4, 233.87),
(1640, 559, 365, 1, 664.24),
(1641, 560, 318, 3, 1413.19),
(1642, 561, 180, 3, 1022.32),
(1643, 562, 404, 1, 744.85),
(1644, 562, 395, 3, 591.63),
(1645, 563, 410, 5, 1325.49),
(1646, 563, 213, 4, 1048.21),
(1647, 564, 448, 2, 715.93),
(1648, 564, 22, 3, 683.74),
(1649, 564, 421, 3, 1178.25),
(1650, 565, 344, 5, 1173.64),
(1651, 565, 238, 4, 1369.28),
(1652, 565, 376, 1, 740.22),
(1653, 565, 261, 1, 1277.81),
(1654, 565, 359, 1, 1450.38),
(1655, 566, 128, 2, 349.48),
(1656, 567, 54, 2, 1219.29),
(1657, 567, 448, 3, 260.40),
(1658, 567, 257, 1, 524.96),
(1659, 567, 33, 1, 357.09),
(1660, 567, 128, 3, 558.85),
(1661, 568, 358, 5, 1178.62),
(1662, 568, 405, 1, 1207.64),
(1663, 569, 451, 4, 1463.56),
(1664, 569, 486, 3, 344.75),
(1665, 569, 42, 3, 374.98),
(1666, 569, 252, 4, 1318.13),
(1667, 569, 381, 2, 1204.33),
(1668, 570, 169, 5, 1143.70),
(1669, 570, 251, 5, 724.51),
(1670, 570, 279, 1, 1000.14),
(1671, 570, 487, 4, 763.64),
(1672, 571, 219, 4, 394.56),
(1673, 571, 495, 5, 219.33),
(1674, 571, 25, 2, 863.93),
(1675, 571, 239, 1, 689.23),
(1676, 571, 496, 5, 1083.42),
(1677, 572, 127, 4, 579.90),
(1678, 572, 235, 2, 254.41),
(1679, 572, 16, 4, 808.30),
(1680, 573, 60, 5, 251.60),
(1681, 573, 67, 1, 686.49),
(1682, 573, 343, 4, 432.33),
(1683, 573, 366, 5, 860.75),
(1684, 574, 78, 5, 741.23),
(1685, 575, 352, 2, 531.29),
(1686, 575, 462, 3, 415.63),
(1687, 575, 56, 1, 736.73),
(1688, 576, 465, 3, 422.10),
(1689, 576, 392, 5, 868.82),
(1690, 576, 318, 1, 1281.24),
(1691, 577, 189, 1, 1431.86),
(1692, 577, 301, 4, 1344.44),
(1693, 577, 135, 5, 1145.50),
(1694, 577, 277, 5, 250.73),
(1695, 577, 368, 5, 265.80),
(1696, 578, 423, 4, 834.07),
(1697, 578, 250, 3, 289.05),
(1698, 578, 431, 1, 771.65),
(1699, 579, 491, 3, 1174.57),
(1700, 580, 478, 2, 1275.78),
(1701, 580, 467, 4, 1112.95),
(1702, 580, 224, 2, 1230.51),
(1703, 580, 303, 1, 893.58),
(1704, 580, 427, 3, 1336.98),
(1705, 581, 264, 2, 640.62),
(1706, 581, 83, 4, 729.25),
(1707, 581, 442, 5, 814.20),
(1708, 581, 429, 4, 1145.58),
(1709, 581, 127, 2, 994.00),
(1710, 582, 87, 2, 601.51),
(1711, 582, 178, 4, 775.43),
(1712, 582, 17, 3, 409.09),
(1713, 582, 37, 4, 587.08),
(1714, 582, 472, 1, 1466.29),
(1715, 583, 299, 1, 405.67),
(1716, 584, 182, 1, 1059.42),
(1717, 584, 482, 1, 556.60),
(1718, 585, 471, 3, 1379.92),
(1719, 585, 398, 1, 1212.83),
(1720, 585, 281, 3, 1251.66),
(1721, 585, 306, 3, 984.74),
(1722, 585, 402, 4, 280.49),
(1723, 586, 71, 3, 1074.11),
(1724, 586, 295, 5, 990.99),
(1725, 586, 42, 1, 1490.97),
(1726, 586, 457, 2, 208.78),
(1727, 587, 238, 3, 224.18),
(1728, 587, 266, 4, 1404.33),
(1729, 587, 223, 5, 1406.24),
(1730, 587, 124, 4, 606.65),
(1731, 587, 187, 5, 397.44),
(1732, 588, 52, 5, 442.89),
(1733, 589, 32, 1, 1228.52),
(1734, 589, 309, 3, 519.40),
(1735, 590, 58, 4, 478.35),
(1736, 591, 444, 4, 1407.92),
(1737, 592, 288, 5, 438.93),
(1738, 592, 176, 4, 530.60),
(1739, 592, 408, 2, 500.28),
(1740, 592, 120, 5, 837.91),
(1741, 593, 398, 3, 668.25),
(1742, 593, 66, 5, 889.62),
(1743, 593, 265, 2, 571.32),
(1744, 593, 172, 4, 1206.82),
(1745, 594, 495, 5, 416.99),
(1746, 594, 372, 5, 365.20),
(1747, 594, 46, 5, 323.76),
(1748, 594, 429, 2, 337.98),
(1749, 595, 462, 3, 768.90),
(1750, 595, 473, 4, 1283.96),
(1751, 595, 237, 4, 1022.40),
(1752, 596, 92, 3, 623.98),
(1753, 597, 104, 3, 339.58),
(1754, 598, 479, 1, 920.21),
(1755, 598, 222, 4, 530.52),
(1756, 598, 243, 1, 593.18),
(1757, 599, 11, 3, 1270.83),
(1758, 599, 34, 3, 868.97),
(1759, 599, 276, 2, 497.58),
(1760, 600, 454, 2, 421.61),
(1761, 600, 218, 5, 684.07),
(1762, 600, 250, 1, 584.21);

-- --------------------------------------------------------

--
-- Table structure for table `products`
--

CREATE TABLE `products` (
  `product_id` int NOT NULL,
  `product_name` varchar(100) NOT NULL,
  `category` varchar(50) DEFAULT NULL,
  `price` decimal(10,2) NOT NULL,
  `stock` int DEFAULT '0'
) ENGINE=InnoDB DEFAULT CHARSET=utf8mb4 COLLATE=utf8mb4_0900_ai_ci;

--
-- Dumping data for table `products`
--

INSERT INTO `products` (`product_id`, `product_name`, `category`, `price`, `stock`) VALUES
(1, 'Oversize T-Shirt - Black', 'T-Shirt', 350.00, 50),
(2, 'Oversize T-Shirt - White', 'T-Shirt', 350.00, 40),
(3, 'Hoodie Streetwear', 'Hoodie', 890.00, 20),
(4, 'Denim Jacket', 'Outerwear', 1290.00, 15),
(5, 'Cargo Pants Black', 'Pants', 690.00, 25),
(6, 'Sweatpants Grey', 'Pants', 550.00, 30),
(7, 'Key Action', 'Outerwear', 1271.37, 45),
(8, 'Billion Begin', 'Hoodie', 854.22, 22),
(9, 'Man Service', 'Shorts', 264.95, 31),
(10, 'Tv Collection', 'Hoodie', 640.35, 97),
(11, 'Find Friend', 'Pants', 1178.71, 82),
(12, 'Hotel Own', 'T-Shirt', 963.00, 82),
(13, 'International Them', 'Hoodie', 462.84, 98),
(14, 'Shoulder Baby', 'Outerwear', 1237.08, 27),
(15, 'Recognize Factor', 'Cap', 827.26, 77),
(16, 'Common Design', 'Cap', 1087.05, 32),
(17, 'Produce Political', 'Outerwear', 975.01, 88),
(18, 'Happy Feeling', 'Outerwear', 902.59, 88),
(19, 'Feel Man', 'Cap', 405.81, 52),
(20, 'Place Hold', 'T-Shirt', 422.72, 88),
(21, 'Collection Public', 'Shorts', 633.67, 59),
(22, 'Record Statement', 'Cap', 1003.96, 26),
(23, 'Response Walk', 'Hoodie', 777.91, 92),
(24, 'Expect Behavior', 'Hoodie', 1323.01, 17),
(25, 'Two Control', 'Cap', 907.33, 73),
(26, 'Eight Big', 'Cap', 707.02, 33),
(27, 'Young Account', 'Pants', 688.80, 58),
(28, 'Century Foreign', 'Hoodie', 686.37, 27),
(29, 'Media Mr', 'T-Shirt', 933.37, 14),
(30, 'Notice Speech', 'Cap', 336.59, 17),
(31, 'Movement Term', 'Hoodie', 963.17, 45),
(32, 'High Very', 'Shorts', 1320.06, 41),
(33, 'Forward Adult', 'Shorts', 909.88, 83),
(34, 'Money Student', 'Pants', 1364.84, 70),
(35, 'Common Language', 'Shorts', 1179.08, 42),
(36, 'Able Learn', 'T-Shirt', 416.47, 67),
(37, 'Stage Above', 'T-Shirt', 408.80, 14),
(38, 'Center Course', 'T-Shirt', 490.34, 24),
(39, 'Enough Baby', 'Hoodie', 903.96, 27),
(40, 'Industry Development', 'Cap', 531.69, 81),
(41, 'Build How', 'Pants', 1427.47, 25),
(42, 'Collection Sometimes', 'Pants', 1313.74, 73),
(43, 'Go Floor', 'T-Shirt', 1149.15, 17),
(44, 'Floor Consumer', 'Outerwear', 570.92, 21),
(45, 'Establish Manage', 'Hoodie', 499.14, 76),
(46, 'Truth Apply', 'Shorts', 735.97, 48),
(47, 'Adult True', 'T-Shirt', 1222.23, 5),
(48, 'Series Feel', 'Hoodie', 851.72, 54),
(49, 'Card Different', 'Pants', 241.09, 98),
(50, 'Safe Scientist', 'T-Shirt', 738.19, 99),
(51, 'Contain Series', 'Shorts', 479.37, 39),
(52, 'Reality Front', 'Hoodie', 334.93, 26),
(53, 'Everybody Edge', 'Pants', 562.20, 37),
(54, 'Difference Girl', 'Cap', 879.82, 8),
(55, 'Early Half', 'Pants', 795.51, 76),
(56, 'Could Yourself', 'Hoodie', 1054.25, 15),
(57, 'Wide Interview', 'Pants', 442.34, 10),
(58, 'Speak Consumer', 'Cap', 1226.05, 36),
(59, 'Most Media', 'Hoodie', 1470.54, 70),
(60, 'Ten Another', 'Hoodie', 1465.51, 12),
(61, 'Guy Allow', 'Hoodie', 999.10, 81),
(62, 'World Word', 'Hoodie', 1412.60, 30),
(63, 'Develop Four', 'Hoodie', 528.91, 22),
(64, 'Rest Reach', 'Shorts', 1229.93, 94),
(65, 'Yes Direction', 'T-Shirt', 1130.74, 54),
(66, 'Just Claim', 'Shorts', 455.96, 11),
(67, 'Trip Type', 'T-Shirt', 724.47, 17),
(68, 'Protect Man', 'Hoodie', 1221.12, 82),
(69, 'East Take', 'Pants', 1152.60, 25),
(70, 'Hair Discussion', 'Cap', 1374.82, 93),
(71, 'That Watch', 'T-Shirt', 893.60, 86),
(72, 'Sea Forget', 'T-Shirt', 1355.68, 56),
(73, 'Fall Arm', 'Hoodie', 1052.55, 91),
(74, 'Stuff Party', 'Cap', 1096.03, 82),
(75, 'Note Benefit', 'Outerwear', 1009.38, 88),
(76, 'General Other', 'Hoodie', 1460.13, 77),
(77, 'Its Team', 'T-Shirt', 941.82, 28),
(78, 'Strategy Air', 'Pants', 1454.16, 44),
(79, 'Bit Three', 'Cap', 1085.72, 84),
(80, 'Eight Child', 'Shorts', 846.66, 63),
(81, 'History Not', 'Shorts', 1234.73, 65),
(82, 'From Tax', 'Shorts', 1203.93, 54),
(83, 'Raise With', 'Cap', 876.74, 18),
(84, 'Pressure Window', 'Cap', 354.25, 89),
(85, 'Positive Represent', 'Pants', 1039.59, 21),
(86, 'Matter Position', 'Outerwear', 202.52, 58),
(87, 'Begin Look', 'Cap', 372.87, 57),
(88, 'Effect Media', 'Hoodie', 470.80, 62),
(89, 'Floor Tree', 'Outerwear', 842.70, 26),
(90, 'Job Effort', 'Hoodie', 566.82, 66),
(91, 'Ok Land', 'Shorts', 891.17, 8),
(92, 'Whatever Left', 'Hoodie', 808.12, 72),
(93, 'Peace Quickly', 'Pants', 1021.42, 85),
(94, 'Attack Agree', 'Pants', 961.55, 17),
(95, 'Group Save', 'Shorts', 1145.91, 20),
(96, 'Woman Production', 'Outerwear', 733.35, 40),
(97, 'Five Marriage', 'Shorts', 465.69, 70),
(98, 'Buy Want', 'Outerwear', 1371.36, 41),
(99, 'Positive Work', 'Outerwear', 336.33, 52),
(100, 'Ability Debate', 'T-Shirt', 969.07, 94),
(101, 'Walk Majority', 'Pants', 1253.31, 60),
(102, 'Sell Affect', 'Cap', 1074.11, 54),
(103, 'School Development', 'Outerwear', 810.90, 39),
(104, 'Wrong Responsibility', 'Hoodie', 857.07, 50),
(105, 'Southern Fact', 'Pants', 442.47, 37),
(106, 'Painting Ability', 'T-Shirt', 586.01, 80),
(107, 'Arm The', 'Pants', 417.47, 56),
(108, 'Piece That', 'Shorts', 706.06, 42),
(109, 'Moment Hotel', 'T-Shirt', 889.10, 33),
(110, 'Meeting Character', 'Pants', 1083.67, 51),
(111, 'Change Purpose', 'Shorts', 1018.77, 74),
(112, 'Financial Receive', 'Hoodie', 1446.41, 76),
(113, 'Friend Into', 'Pants', 632.56, 43),
(114, 'Federal Right', 'Cap', 810.01, 32),
(115, 'About Choose', 'T-Shirt', 961.18, 98),
(116, 'Financial Firm', 'Cap', 1447.24, 41),
(117, 'Involve Congress', 'Outerwear', 1321.20, 85),
(118, 'Half Half', 'Hoodie', 573.97, 16),
(119, 'Moment Family', 'T-Shirt', 1022.07, 64),
(120, 'Result Sign', 'Pants', 242.48, 44),
(121, 'Left Piece', 'Pants', 980.44, 91),
(122, 'Purpose Modern', 'Hoodie', 824.38, 48),
(123, 'Quickly Policy', 'Pants', 531.87, 48),
(124, 'Simply Social', 'Shorts', 841.33, 74),
(125, 'Understand Blue', 'Outerwear', 676.39, 63),
(126, 'During Standard', 'T-Shirt', 1073.32, 36),
(127, 'Letter Low', 'Shorts', 1394.64, 85),
(128, 'Ask Sort', 'Cap', 760.98, 97),
(129, 'Travel Cost', 'Shorts', 606.66, 30),
(130, 'Lay Inside', 'T-Shirt', 503.21, 99),
(131, 'Tax Such', 'Cap', 1382.92, 53),
(132, 'Body Old', 'Cap', 274.39, 10),
(133, 'Offer Point', 'Shorts', 602.16, 45),
(134, 'Magazine Recent', 'Outerwear', 1090.42, 73),
(135, 'Want Wife', 'Shorts', 1499.33, 25),
(136, 'Fill Center', 'Cap', 1486.78, 30),
(137, 'Look Senior', 'Shorts', 538.71, 7),
(138, 'Purpose Attack', 'Cap', 1405.41, 94),
(139, 'Challenge Language', 'Cap', 366.71, 9),
(140, 'Foreign Mean', 'Cap', 1016.12, 76),
(141, 'Foreign Shake', 'Pants', 935.71, 94),
(142, 'Style Sell', 'Pants', 1073.29, 90),
(143, 'Wall Partner', 'Hoodie', 990.76, 77),
(144, 'Value Task', 'Cap', 1054.26, 43),
(145, 'Hair They', 'T-Shirt', 1378.77, 31),
(146, 'Enough Property', 'Hoodie', 1213.64, 41),
(147, 'Kid Dream', 'Cap', 1187.71, 25),
(148, 'Theory Stay', 'Pants', 884.12, 60),
(149, 'Describe Challenge', 'Cap', 1130.17, 8),
(150, 'Somebody Own', 'Pants', 824.77, 8),
(151, 'Daughter Fire', 'Outerwear', 714.97, 23),
(152, 'Man Likely', 'T-Shirt', 685.72, 90),
(153, 'Build Mention', 'Shorts', 1080.60, 84),
(154, 'Beyond Whole', 'Cap', 1070.73, 90),
(155, 'Read Dinner', 'T-Shirt', 1171.28, 89),
(156, 'Mention Statement', 'Pants', 1104.11, 55),
(157, 'Seat Hand', 'T-Shirt', 1010.38, 27),
(158, 'Since Another', 'Outerwear', 211.92, 34),
(159, 'Population Financial', 'T-Shirt', 1054.11, 31),
(160, 'Two First', 'Shorts', 721.21, 45),
(161, 'Cause Least', 'Pants', 1068.79, 99),
(162, 'Adult Whatever', 'Shorts', 249.61, 92),
(163, 'War First', 'T-Shirt', 1313.41, 8),
(164, 'Later Source', 'Shorts', 1317.50, 13),
(165, 'Sometimes Hundred', 'Hoodie', 1333.94, 100),
(166, 'Political Their', 'Cap', 295.79, 98),
(167, 'At Letter', 'T-Shirt', 270.67, 44),
(168, 'Site Fall', 'T-Shirt', 663.93, 14),
(169, 'General Unit', 'Hoodie', 1264.23, 36),
(170, 'Develop Make', 'T-Shirt', 1188.15, 45),
(171, 'Rich Republican', 'Outerwear', 726.19, 79),
(172, 'Without Election', 'Pants', 1149.80, 15),
(173, 'Camera Plan', 'Shorts', 1049.96, 58),
(174, 'Receive Cold', 'Cap', 1476.64, 5),
(175, 'Leg Cup', 'Outerwear', 887.93, 61),
(176, 'Early Sell', 'Pants', 422.03, 86),
(177, 'Marriage She', 'Pants', 653.59, 24),
(178, 'Month Own', 'Hoodie', 516.74, 44),
(179, 'Early Lead', 'T-Shirt', 1395.78, 9),
(180, 'Interview Green', 'Cap', 724.94, 86),
(181, 'Number Imagine', 'Hoodie', 572.28, 71),
(182, 'Sometimes Build', 'Shorts', 761.16, 71),
(183, 'Nature Practice', 'Cap', 1469.24, 78),
(184, 'Building Us', 'Shorts', 552.43, 61),
(185, 'Attack Generation', 'Cap', 714.84, 73),
(186, 'Financial Decade', 'Cap', 888.45, 64),
(187, 'Across Charge', 'Cap', 826.62, 79),
(188, 'Because To', 'Shorts', 817.52, 49),
(189, 'Whole Sound', 'T-Shirt', 743.57, 72),
(190, 'Ask Market', 'T-Shirt', 497.64, 88),
(191, 'System Upon', 'Hoodie', 280.31, 95),
(192, 'Child White', 'Shorts', 1491.38, 92),
(193, 'Quite Wonder', 'Cap', 224.41, 85),
(194, 'Those Or', 'Outerwear', 665.48, 55),
(195, 'Yes By', 'T-Shirt', 1383.14, 81),
(196, 'Face Threat', 'Hoodie', 706.40, 86),
(197, 'Avoid Occur', 'Pants', 370.16, 34),
(198, 'Happen Operation', 'Outerwear', 851.19, 34),
(199, 'Husband General', 'Cap', 1151.80, 23),
(200, 'Like Wind', 'Outerwear', 518.67, 68),
(201, 'Know Industry', 'Hoodie', 323.71, 55),
(202, 'On Record', 'Pants', 749.66, 49),
(203, 'Generation Former', 'Pants', 475.03, 66),
(204, 'Throw Represent', 'Pants', 1364.27, 73),
(205, 'My Still', 'Pants', 1324.95, 44),
(206, 'Painting Enjoy', 'Outerwear', 511.01, 46),
(207, 'Early Their', 'Outerwear', 774.86, 25),
(208, 'Moment Bag', 'Shorts', 225.71, 22),
(209, 'On Draw', 'Shorts', 1029.45, 22),
(210, 'Hotel Parent', 'Shorts', 858.07, 17),
(211, 'Relate Speech', 'Pants', 744.68, 78),
(212, 'Low Since', 'Pants', 840.66, 14),
(213, 'Recognize Way', 'Outerwear', 430.56, 41),
(214, 'Receive Consumer', 'Outerwear', 631.91, 75),
(215, 'Wrong Authority', 'Cap', 627.97, 98),
(216, 'As Provide', 'T-Shirt', 1411.68, 100),
(217, 'Heart Nor', 'Hoodie', 1388.63, 29),
(218, 'Cultural Amount', 'T-Shirt', 307.38, 43),
(219, 'Through Character', 'Shorts', 319.00, 50),
(220, 'Hot Author', 'Cap', 317.74, 10),
(221, 'Thing Different', 'Outerwear', 321.31, 29),
(222, 'Case Challenge', 'T-Shirt', 969.32, 26),
(223, 'Method Idea', 'Hoodie', 1254.44, 34),
(224, 'Thank Cell', 'Hoodie', 684.27, 89),
(225, 'Official Leader', 'Shorts', 819.67, 17),
(226, 'Hit Method', 'Outerwear', 1198.02, 86),
(227, 'Ability Should', 'Hoodie', 827.17, 15),
(228, 'Test Eight', 'T-Shirt', 988.88, 87),
(229, 'Necessary Open', 'T-Shirt', 920.88, 53),
(230, 'Success Research', 'T-Shirt', 241.77, 26),
(231, 'Fund National', 'Hoodie', 907.19, 12),
(232, 'Force Matter', 'Shorts', 662.64, 59),
(233, 'War Seem', 'Hoodie', 1022.92, 7),
(234, 'Year Keep', 'Pants', 426.47, 63),
(235, 'Trial Use', 'Hoodie', 1195.76, 65),
(236, 'Movement Father', 'Outerwear', 492.85, 51),
(237, 'Oil Certainly', 'T-Shirt', 1461.62, 80),
(238, 'Field South', 'Outerwear', 766.09, 44),
(239, 'Once Institution', 'Cap', 1394.50, 71),
(240, 'Member Might', 'Cap', 815.53, 28),
(241, 'Yet Both', 'Hoodie', 1309.55, 72),
(242, 'Main Season', 'T-Shirt', 1300.05, 59),
(243, 'Common Play', 'Cap', 296.70, 20),
(244, 'Field Prove', 'T-Shirt', 1009.37, 35),
(245, 'Stop Range', 'Shorts', 1479.99, 41),
(246, 'In Out', 'T-Shirt', 1435.62, 72),
(247, 'After Major', 'Pants', 379.61, 47),
(248, 'Response Seem', 'T-Shirt', 1309.05, 61),
(249, 'Information Myself', 'Pants', 1298.92, 73),
(250, 'Central Gun', 'T-Shirt', 487.35, 90),
(251, 'President Along', 'Pants', 487.98, 52),
(252, 'Mr At', 'Shorts', 863.51, 95),
(253, 'Their Indeed', 'T-Shirt', 532.98, 45),
(254, 'Page Off', 'Hoodie', 1490.96, 83),
(255, 'Necessary Voice', 'T-Shirt', 1433.75, 47),
(256, 'Research Morning', 'Hoodie', 644.61, 27),
(257, 'Go On', 'Hoodie', 1468.06, 9),
(258, 'Government Seven', 'Shorts', 340.65, 56),
(259, 'Line Pick', 'Cap', 960.02, 62),
(260, 'Than Whatever', 'Shorts', 663.79, 29),
(261, 'Ten Tend', 'T-Shirt', 1389.74, 47),
(262, 'Standard Me', 'Shorts', 755.34, 50),
(263, 'Really Price', 'Cap', 1029.60, 16),
(264, 'Certainly Husband', 'Cap', 1441.02, 42),
(265, 'Others Low', 'T-Shirt', 1190.20, 24),
(266, 'Next Full', 'Cap', 1014.98, 46),
(267, 'Tough Talk', 'Shorts', 435.61, 43),
(268, 'Customer Story', 'Pants', 1066.25, 70),
(269, 'Alone Again', 'Cap', 755.82, 48),
(270, 'Student Meet', 'Pants', 678.34, 83),
(271, 'When Social', 'Cap', 216.51, 60),
(272, 'Fish Unit', 'T-Shirt', 1207.94, 79),
(273, 'Personal Change', 'Cap', 1412.32, 94),
(274, 'Heavy Once', 'Outerwear', 306.67, 32),
(275, 'Plant Side', 'Shorts', 845.43, 76),
(276, 'Whatever History', 'Pants', 1314.50, 37),
(277, 'Season Happen', 'Pants', 397.55, 53),
(278, 'Popular Run', 'T-Shirt', 519.78, 65),
(279, 'Knowledge Western', 'T-Shirt', 305.19, 61),
(280, 'Partner Quickly', 'Outerwear', 406.24, 25),
(281, 'Church Election', 'Hoodie', 1293.71, 10),
(282, 'Moment Way', 'Hoodie', 872.76, 16),
(283, 'Job When', 'T-Shirt', 717.16, 39),
(284, 'Performance Person', 'T-Shirt', 919.20, 74),
(285, 'See Information', 'Cap', 471.51, 95),
(286, 'One Art', 'T-Shirt', 1334.24, 38),
(287, 'Voice Work', 'T-Shirt', 928.76, 7),
(288, 'Will Mouth', 'Shorts', 556.12, 69),
(289, 'Suggest Fight', 'Outerwear', 1084.45, 94),
(290, 'Night Form', 'T-Shirt', 1439.36, 14),
(291, 'Spring Suddenly', 'Shorts', 1240.37, 91),
(292, 'Message Arrive', 'Pants', 1331.52, 49),
(293, 'Large Have', 'Hoodie', 1194.77, 81),
(294, 'Their Place', 'T-Shirt', 375.86, 8),
(295, 'Pattern Among', 'Shorts', 689.09, 63),
(296, 'Whether Politics', 'T-Shirt', 419.92, 54),
(297, 'Material While', 'Cap', 1083.64, 57),
(298, 'Senior Stop', 'Hoodie', 636.15, 14),
(299, 'Foreign Above', 'Cap', 764.80, 5),
(300, 'Everyone Next', 'Outerwear', 703.54, 13),
(301, 'Leader Standard', 'Cap', 278.80, 79),
(302, 'Respond A', 'Pants', 529.29, 76),
(303, 'Why Sense', 'Outerwear', 659.76, 22),
(304, 'Risk Tend', 'Outerwear', 1229.01, 25),
(305, 'Successful Include', 'Cap', 415.07, 43),
(306, 'Identify Group', 'Hoodie', 1289.78, 65),
(307, 'Class Citizen', 'Cap', 1389.95, 57),
(308, 'Measure Attorney', 'Shorts', 294.14, 22),
(309, 'Property Believe', 'Hoodie', 1170.31, 66),
(310, 'Skin Nor', 'Cap', 1304.53, 11),
(311, 'Whose People', 'T-Shirt', 334.80, 24),
(312, 'Computer Sport', 'Pants', 558.74, 44),
(313, 'If Can', 'Outerwear', 781.06, 15),
(314, 'Like Purpose', 'Pants', 602.49, 70),
(315, 'Risk Everybody', 'Outerwear', 1409.01, 40),
(316, 'Pretty Nation', 'Outerwear', 669.57, 14),
(317, 'Provide Physical', 'T-Shirt', 1160.16, 5),
(318, 'Guess Perhaps', 'Pants', 431.76, 81),
(319, 'Main Season', 'Shorts', 836.91, 63),
(320, 'Born Art', 'Hoodie', 1233.12, 84),
(321, 'Could Will', 'Hoodie', 378.49, 94),
(322, 'Effort Them', 'T-Shirt', 577.93, 45),
(323, 'Without Focus', 'Outerwear', 320.96, 15),
(324, 'Soldier National', 'Hoodie', 388.39, 14),
(325, 'View Rate', 'Pants', 1414.18, 88),
(326, 'See Spend', 'Outerwear', 411.00, 82),
(327, 'Page Fill', 'Pants', 860.46, 82),
(328, 'Product Opportunity', 'Shorts', 883.86, 17),
(329, 'Each Customer', 'T-Shirt', 786.77, 27),
(330, 'Develop Help', 'Outerwear', 308.21, 89),
(331, 'Run Ground', 'Pants', 226.91, 91),
(332, 'Themselves Own', 'T-Shirt', 937.74, 54),
(333, 'Many On', 'Cap', 532.65, 40),
(334, 'Find Participant', 'Hoodie', 1373.47, 96),
(335, 'Together Too', 'Hoodie', 657.10, 23),
(336, 'Top Both', 'Pants', 607.76, 72),
(337, 'Mrs Example', 'T-Shirt', 291.39, 100),
(338, 'New Detail', 'T-Shirt', 828.72, 59),
(339, 'Today Order', 'Hoodie', 696.36, 64),
(340, 'Plan Same', 'Hoodie', 945.54, 29),
(341, 'Skin Raise', 'T-Shirt', 1189.71, 46),
(342, 'Pretty During', 'Pants', 747.90, 98),
(343, 'Deep Old', 'Shorts', 462.95, 11),
(344, 'Loss Month', 'Cap', 1435.17, 88),
(345, 'Child Far', 'Shorts', 1084.27, 76),
(346, 'Attention Grow', 'Pants', 242.47, 46),
(347, 'Something According', 'Pants', 851.29, 14),
(348, 'Set Style', 'Shorts', 557.73, 40),
(349, 'Strategy Personal', 'T-Shirt', 951.60, 35),
(350, 'Study Page', 'Shorts', 612.56, 33),
(351, 'Game Example', 'Shorts', 321.76, 13),
(352, 'Above Her', 'Pants', 357.69, 100),
(353, 'Population Allow', 'Hoodie', 1260.75, 34),
(354, 'War Put', 'T-Shirt', 1068.14, 22),
(355, 'Threat Ground', 'Cap', 806.01, 79),
(356, 'Health Message', 'Shorts', 1024.47, 89),
(357, 'Eat Health', 'Pants', 1473.50, 83),
(358, 'Color Pass', 'Shorts', 340.65, 50),
(359, 'Offer Appear', 'Hoodie', 404.10, 49),
(360, 'Who Look', 'Outerwear', 894.27, 81),
(361, 'Past Century', 'Shorts', 682.78, 33),
(362, 'Much Believe', 'Outerwear', 1488.05, 27),
(363, 'As Collection', 'Cap', 1085.07, 93),
(364, 'Around Sell', 'Hoodie', 747.83, 89),
(365, 'Guess Program', 'Cap', 834.88, 45),
(366, 'Generation Item', 'Cap', 1160.75, 34),
(367, 'Raise Floor', 'Shorts', 203.83, 100),
(368, 'Fast Want', 'Pants', 1242.02, 67),
(369, 'While Like', 'Cap', 1497.95, 52),
(370, 'Enough Ball', 'Outerwear', 292.79, 55),
(371, 'Kitchen Specific', 'Cap', 390.10, 47),
(372, 'Responsibility True', 'Cap', 1185.94, 16),
(373, 'Common Million', 'Shorts', 1459.22, 42),
(374, 'First Water', 'Shorts', 764.71, 51),
(375, 'Quickly Or', 'Shorts', 579.93, 38),
(376, 'Its Whom', 'Shorts', 1375.73, 5),
(377, 'Actually Development', 'T-Shirt', 1174.99, 80),
(378, 'Step Pressure', 'Hoodie', 434.70, 17),
(379, 'Statement Report', 'Hoodie', 1041.71, 18),
(380, 'Really Affect', 'Pants', 980.43, 49),
(381, 'Financial Born', 'Cap', 1214.44, 65),
(382, 'True However', 'Hoodie', 704.81, 88),
(383, 'Produce Summer', 'Shorts', 1458.72, 86),
(384, 'Military Direction', 'Hoodie', 643.90, 15),
(385, 'Employee Every', 'T-Shirt', 402.51, 96),
(386, 'Arrive Resource', 'Shorts', 220.29, 46),
(387, 'People Able', 'Cap', 361.90, 94),
(388, 'Own Also', 'Outerwear', 990.56, 87),
(389, 'Drive Rule', 'Hoodie', 262.52, 72),
(390, 'Debate Design', 'Cap', 793.80, 19),
(391, 'Thus Front', 'Shorts', 353.95, 60),
(392, 'End Receive', 'Outerwear', 253.09, 91),
(393, 'Similar Power', 'Pants', 1227.52, 11),
(394, 'Pattern Common', 'T-Shirt', 339.66, 33),
(395, 'Whole Ability', 'Cap', 799.40, 14),
(396, 'Certain During', 'Pants', 436.86, 41),
(397, 'Age Sense', 'T-Shirt', 1350.06, 16),
(398, 'Continue Husband', 'Shorts', 1230.87, 100),
(399, 'Catch My', 'Cap', 692.62, 76),
(400, 'Long Themselves', 'Outerwear', 932.59, 74),
(401, 'Eye Sport', 'Cap', 1079.31, 28),
(402, 'Myself Big', 'Pants', 208.82, 86),
(403, 'International Follow', 'Pants', 1198.50, 42),
(404, 'Even International', 'T-Shirt', 888.13, 88),
(405, 'Management Account', 'Hoodie', 868.61, 97),
(406, 'Outside Difficult', 'Shorts', 691.58, 66),
(407, 'Picture Service', 'Outerwear', 1038.84, 87),
(408, 'Fact Executive', 'T-Shirt', 769.83, 77),
(409, 'Watch Know', 'Outerwear', 1167.70, 27),
(410, 'With Number', 'Outerwear', 1047.67, 47),
(411, 'Audience Realize', 'Outerwear', 524.77, 85),
(412, 'Leader Computer', 'Cap', 945.53, 21),
(413, 'Street Son', 'Cap', 1415.11, 54),
(414, 'Ago Painting', 'Cap', 944.20, 21),
(415, 'Page Thousand', 'Pants', 617.03, 63),
(416, 'Push Skill', 'Cap', 410.60, 47),
(417, 'Probably Much', 'Shorts', 1146.31, 60),
(418, 'Must Local', 'Hoodie', 227.61, 30),
(419, 'Cover Might', 'T-Shirt', 492.35, 28),
(420, 'Development Yeah', 'Cap', 1423.19, 14),
(421, 'Really Control', 'Pants', 882.32, 15),
(422, 'Offer News', 'Hoodie', 1096.09, 33),
(423, 'Within Whom', 'Pants', 420.06, 44),
(424, 'Support Could', 'Shorts', 458.15, 64),
(425, 'Second Him', 'T-Shirt', 869.08, 95),
(426, 'And Student', 'Pants', 1052.18, 22),
(427, 'This Dog', 'T-Shirt', 1030.49, 63),
(428, 'Military Stage', 'T-Shirt', 225.42, 83),
(429, 'Nearly Decide', 'Cap', 687.90, 93),
(430, 'Discuss Contain', 'Cap', 644.39, 33),
(431, 'Others Analysis', 'Pants', 369.41, 46),
(432, 'Whom Hand', 'Shorts', 1183.42, 77),
(433, 'Write Message', 'T-Shirt', 740.74, 80),
(434, 'Catch Option', 'T-Shirt', 542.38, 9),
(435, 'Could Eight', 'Hoodie', 451.69, 5),
(436, 'Thousand Western', 'Cap', 1027.71, 16),
(437, 'Church Interesting', 'Outerwear', 1266.76, 67),
(438, 'Look Gas', 'Pants', 946.14, 76),
(439, 'Left Central', 'Hoodie', 1288.52, 36),
(440, 'Pull Two', 'Outerwear', 1394.17, 73),
(441, 'Beat Exist', 'Cap', 1106.37, 35),
(442, 'To Manage', 'Shorts', 303.13, 68),
(443, 'Mrs Change', 'T-Shirt', 1335.47, 86),
(444, 'Others Pick', 'Cap', 504.33, 5),
(445, 'Protect Interesting', 'Pants', 404.32, 77),
(446, 'Environment Feeling', 'Outerwear', 1024.52, 91),
(447, 'Environmental Will', 'Pants', 1480.49, 88),
(448, 'Air Lot', 'T-Shirt', 905.32, 89),
(449, 'Low Nothing', 'Pants', 567.85, 81),
(450, 'Daughter Language', 'T-Shirt', 792.21, 77),
(451, 'Dark Student', 'Shorts', 1455.59, 8),
(452, 'Main Doctor', 'Cap', 1130.25, 48),
(453, 'Career Describe', 'Hoodie', 1213.77, 46),
(454, 'Every Available', 'Shorts', 665.49, 94),
(455, 'Move Take', 'Hoodie', 1303.57, 52),
(456, 'Business Professional', 'Pants', 421.80, 62),
(457, 'Court Throughout', 'Pants', 654.07, 71),
(458, 'Someone Authority', 'Pants', 1107.99, 14),
(459, 'Myself Accept', 'Pants', 1102.21, 99),
(460, 'Very View', 'Outerwear', 529.50, 13),
(461, 'Check Argue', 'Hoodie', 992.92, 20),
(462, 'Exist Street', 'Outerwear', 1082.77, 63),
(463, 'Always Into', 'Outerwear', 1187.43, 9),
(464, 'Side Age', 'Pants', 868.89, 60),
(465, 'Life Lose', 'Cap', 273.13, 9),
(466, 'Second Well', 'Cap', 292.72, 81),
(467, 'Know Call', 'Pants', 1439.71, 85),
(468, 'Situation Popular', 'T-Shirt', 940.47, 5),
(469, 'Behavior Along', 'T-Shirt', 218.76, 21),
(470, 'Break Out', 'Shorts', 1418.85, 45),
(471, 'Yeah Rich', 'Pants', 997.16, 16),
(472, 'Seem Sport', 'Shorts', 1281.40, 35),
(473, 'Tough Forget', 'Pants', 449.78, 47),
(474, 'Full After', 'Outerwear', 1471.12, 25),
(475, 'Blood Follow', 'Cap', 1390.24, 10),
(476, 'Night Type', 'Outerwear', 518.46, 62),
(477, 'Just According', 'Hoodie', 876.61, 41),
(478, 'Young Inside', 'Shorts', 271.06, 76),
(479, 'State Provide', 'T-Shirt', 1221.54, 57),
(480, 'Ago Source', 'T-Shirt', 1120.03, 38),
(481, 'Public Song', 'Outerwear', 1079.67, 45),
(482, 'Consumer Parent', 'Shorts', 270.83, 97),
(483, 'Education Culture', 'Hoodie', 1267.82, 56),
(484, 'Institution Determine', 'Cap', 700.09, 11),
(485, 'Can And', 'Shorts', 644.67, 63),
(486, 'Try Foreign', 'Outerwear', 959.73, 37),
(487, 'Case Without', 'Outerwear', 1428.92, 80),
(488, 'Likely May', 'T-Shirt', 1289.26, 77),
(489, 'Product Stop', 'Outerwear', 405.93, 72),
(490, 'Direction Hold', 'Outerwear', 1063.43, 37),
(491, 'Send Dinner', 'Outerwear', 1192.96, 46),
(492, 'Ok Suffer', 'Shorts', 420.18, 90),
(493, 'State Woman', 'Outerwear', 801.61, 50),
(494, 'Recognize Clear', 'Pants', 1304.32, 40),
(495, 'Future Exactly', 'Shorts', 1087.52, 86),
(496, 'Debate Few', 'T-Shirt', 532.58, 35),
(497, 'Nor Big', 'Shorts', 659.22, 58),
(498, 'South Less', 'Outerwear', 644.61, 67),
(499, 'Health Money', 'Hoodie', 1101.82, 69),
(500, 'A Region', 'Cap', 676.32, 84);

-- --------------------------------------------------------

--
-- Table structure for table `users`
--

CREATE TABLE `users` (
  `user_id` int NOT NULL,
  `username` varchar(50) NOT NULL,
  `password_hash` varchar(255) NOT NULL,
  `full_name` varchar(100) DEFAULT NULL
) ENGINE=InnoDB DEFAULT CHARSET=utf8mb4 COLLATE=utf8mb4_0900_ai_ci;

--
-- Dumping data for table `users`
--

INSERT INTO `users` (`user_id`, `username`, `password_hash`, `full_name`) VALUES
(1, 'admin', '$2y$10$Cjf9DYwKN5d64Peq8lVw..G1V1kIDXfVmNf6OoZ4eAs34Z/s6h7Qy', 'Administrator');

--
-- Indexes for dumped tables
--

--
-- Indexes for table `customers`
--
ALTER TABLE `customers`
  ADD PRIMARY KEY (`customer_id`);

--
-- Indexes for table `orders`
--
ALTER TABLE `orders`
  ADD PRIMARY KEY (`order_id`),
  ADD KEY `customer_id` (`customer_id`);

--
-- Indexes for table `order_items`
--
ALTER TABLE `order_items`
  ADD PRIMARY KEY (`order_item_id`),
  ADD KEY `order_id` (`order_id`),
  ADD KEY `product_id` (`product_id`);

--
-- Indexes for table `products`
--
ALTER TABLE `products`
  ADD PRIMARY KEY (`product_id`);

--
-- Indexes for table `users`
--
ALTER TABLE `users`
  ADD PRIMARY KEY (`user_id`),
  ADD UNIQUE KEY `username` (`username`);

--
-- AUTO_INCREMENT for dumped tables
--

--
-- AUTO_INCREMENT for table `customers`
--
ALTER TABLE `customers`
  MODIFY `customer_id` int NOT NULL AUTO_INCREMENT, AUTO_INCREMENT=501;

--
-- AUTO_INCREMENT for table `orders`
--
ALTER TABLE `orders`
  MODIFY `order_id` int NOT NULL AUTO_INCREMENT, AUTO_INCREMENT=601;

--
-- AUTO_INCREMENT for table `order_items`
--
ALTER TABLE `order_items`
  MODIFY `order_item_id` int NOT NULL AUTO_INCREMENT, AUTO_INCREMENT=1763;

--
-- AUTO_INCREMENT for table `products`
--
ALTER TABLE `products`
  MODIFY `product_id` int NOT NULL AUTO_INCREMENT, AUTO_INCREMENT=501;

--
-- AUTO_INCREMENT for table `users`
--
ALTER TABLE `users`
  MODIFY `user_id` int NOT NULL AUTO_INCREMENT, AUTO_INCREMENT=2;

--
-- Constraints for dumped tables
--

--
-- Constraints for table `orders`
--
ALTER TABLE `orders`
  ADD CONSTRAINT `orders_ibfk_1` FOREIGN KEY (`customer_id`) REFERENCES `customers` (`customer_id`);

--
-- Constraints for table `order_items`
--
ALTER TABLE `order_items`
  ADD CONSTRAINT `order_items_ibfk_1` FOREIGN KEY (`order_id`) REFERENCES `orders` (`order_id`),
  ADD CONSTRAINT `order_items_ibfk_2` FOREIGN KEY (`product_id`) REFERENCES `products` (`product_id`);
COMMIT;

/*!40101 SET CHARACTER_SET_CLIENT=@OLD_CHARACTER_SET_CLIENT */;
/*!40101 SET CHARACTER_SET_RESULTS=@OLD_CHARACTER_SET_RESULTS */;
/*!40101 SET COLLATION_CONNECTION=@OLD_COLLATION_CONNECTION */;
